Destination Port,Flow Duration,Total Fwd Packets,Total Backward Packets,Total Length of Fwd Packets,Total Length of Bwd Packets,Fwd Packet Length Max,Fwd Packet Length Min,Fwd Packet Length Mean,Fwd Packet Length Std,Bwd Packet Length Max,Bwd Packet Length Min,Bwd Packet Length Mean,Bwd Packet Length Std,Flow Bytes/s,Flow Packets/s,Flow IAT Mean,Flow IAT Std,Flow IAT Max,Flow IAT Min,Fwd IAT Total,Fwd IAT Mean,Fwd IAT Std,Fwd IAT Max,Fwd IAT Min,Bwd IAT Total,Bwd IAT Mean,Bwd IAT Std,Bwd IAT Max,Bwd IAT Min,Fwd PSH Flags,Bwd PSH Flags,Fwd URG Flags,Bwd URG Flags,Fwd Header Length,Bwd Header Length,Fwd Packets/s,Bwd Packets/s,Min Packet Length,Max Packet Length,Packet Length Mean,Packet Length Std,Packet Length Variance,FIN Flag Count,SYN Flag Count,RST Flag Count,PSH Flag Count,ACK Flag Count,URG Flag Count,CWE Flag Count,ECE Flag Count,Down/Up Ratio,Average Packet Size,Avg Fwd Segment Size,Avg Bwd Segment Size,Fwd Header Length.1,Fwd Avg Bytes/Bulk,Fwd Avg Packets/Bulk,Fwd Avg Bulk Rate,Bwd Avg Bytes/Bulk,Bwd Avg Packets/Bulk,Bwd Avg Bulk Rate,Subflow Fwd Packets,Subflow Fwd Bytes,Subflow Bwd Packets,Subflow Bwd Bytes,Init_Win_bytes_forward,Init_Win_bytes_backward,act_data_pkt_fwd,min_seg_size_forward,Active Mean,Active Std,Active Max,Active Min,Idle Mean,Idle Std,Idle Max,Idle Min,label
32912,51,1,1,0,0,0,0,0.0,0.0,0,0,0.0,0.0,0.0,39215.68627,51.0,0.0,51,51,0,0.0,0.0,0,0,0,0.0,0.0,0,0,0,0,0,0,32,32,19607.84314,19607.84314,0,0,0.0,0.0,0.0,0,0,0,0,1,1,0,0,1,0.0,0.0,0.0,32,0,0,0,0,0,0,1,0,1,0,357,353,0,32,0.0,0.0,0,0,0.0,0.0,0,0,Benign
51114,75,1,1,0,0,0,0,0.0,0.0,0,0,0.0,0.0,0.0,26666.66667,75.0,0.0,75,75,0,0.0,0.0,0,0,0,0.0,0.0,0,0,0,0,0,0,32,32,13333.33333,13333.33333,0,0,0.0,0.0,0.0,0,0,0,0,1,1,0,0,1,0.0,0.0,0.0,32,0,0,0,0,0,0,1,0,1,0,349,314,0,32,0.0,0.0,0,0,0.0,0.0,0,0,Benign
53,61416,1,1,48,128,48,48,48.0,0.0,128,128,128.0,0.0,2865.702748,32.56480396,61416.0,0.0,61416,61416,0,0.0,0.0,0,0,0,0.0,0.0,0,0,0,0,0,0,20,20,16.28240198,16.28240198,48,128,74.66666667,46.18802154,2133.333333,0,0,0,0,0,0,0,0,1,112.0,48.0,128.0,20,0,0,0,0,0,0,1,48,1,128,-1,-1,0,20,0.0,0.0,0,0,0.0,0.0,0,0,Benign
80,1138193,3,4,439,858,439,0,146.3333333,253.4567682,858,0,214.5,429.0,1139.525546,6.150099324,189698.8333,441684.4749,1090990,3,23821,11910.5,15910.60968,23161,660,1115094,371698.0,623041.6634,1090990,3,0,0,0,0,104,136,2.635756853,3.514342471,0,858,162.125,320.4035123,102658.4107,0,0,0,1,0,0,0,0,1,185.2857143,146.3333333,214.5,104,0,0,0,0,0,0,3,439,4,858,29200,31,1,32,0.0,0.0,0,0,0.0,0.0,0,0,Benign
57769,21311,2,1,44,6,38,6,22.0,22.627417,6,6,6.0,0.0,2346.206185,140.7723711,10655.5,14985.71401,21252,59,21311,21311.0,0.0,21311,21311,0,0.0,0.0,0,0,1,0,0,0,40,20,93.84824738,46.92412369,6,38,22.0,18.47520861,341.3333333,0,1,0,0,1,0,0,0,0,29.33333333,22.0,6.0,40,0,0,0,0,0,0,2,44,1,6,62,0,1,20,0.0,0.0,0,0,0.0,0.0,0,0,Benign
80,114,2,0,0,0,0,0,0.0,0.0,0,0,0.0,0.0,0.0,17543.85965,114.0,0.0,114,114,114,114.0,0.0,114,114,0,0.0,0.0,0,0,0,0,0,0,40,0,17543.85965,0.0,0,0,0.0,0.0,0.0,0,0,0,0,1,0,0,0,0,0.0,0.0,0.0,40,0,0,0,0,0,0,2,0,0,0,255,-1,0,20,0.0,0.0,0,0,0.0,0.0,0,0,Benign
22966,32445,14,6,18467,24,2920,0,1319.071429,1183.430767,6,0,4.0,3.098386677,569918.3233,616.4278009,1707.631579,6027.493161,25962,2,32445,2495.769231,7236.61909,25962,2,26361,5272.2,11671.21235,26150,3,0,0,0,0,304,144,431.4994606,184.9283403,0,2920,880.5238095,1146.391714,1314213.962,0,0,0,1,0,0,0,0,0,924.55,1319.071429,4.0,304,0,0,0,0,0,0,14,18467,6,24,8192,357,12,20,0.0,0.0,0,0,0.0,0.0,0,0,Benign
443,121237,1,1,6,6,6,6,6.0,0.0,6,6,6.0,0.0,98.97968442,16.49661407,121237.0,0.0,121237,121237,0,0.0,0.0,0,0,0,0.0,0.0,0,0,0,0,0,0,20,20,8.248307035,8.248307035,6,6,6.0,0.0,0.0,0,0,0,0,1,1,0,0,1,9.0,6.0,6.0,20,0,0,0,0,0,0,1,6,1,6,30016,30016,0,20,0.0,0.0,0,0,0.0,0.0,0,0,Benign
58746,26,1,3,0,0,0,0,0.0,0.0,0,0,0.0,0.0,0.0,153846.1538,8.666666667,11.59022577,22,1,0,0.0,0.0,0,0,4,2.0,1.414213562,3,1,0,0,0,0,32,60,38461.53846,115384.6154,0,0,0.0,0.0,0.0,0,0,0,0,1,0,0,0,3,0.0,0.0,0.0,32,0,0,0,0,0,0,1,0,3,0,983,0,0,32,0.0,0.0,0,0,0.0,0.0,0,0,Benign
53,23803,1,1,56,72,56,56,56.0,0.0,72,72,72.0,0.0,5377.473428,84.02302231,23803.0,0.0,23803,23803,0,0.0,0.0,0,0,0,0.0,0.0,0,0,0,0,0,0,20,32,42.01151115,42.01151115,56,72,61.33333333,9.237604307,85.33333333,0,0,0,0,0,0,0,0,1,92.0,56.0,72.0,20,0,0,0,0,0,0,1,56,1,72,-1,-1,0,20,0.0,0.0,0,0,0.0,0.0,0,0,Benign
443,410860,13,8,1128,4496,645,0,86.76923077,184.4027087,1418,0,562.0,638.8608165,13688.361,51.11230103,20543.0,46585.89536,198867,1,410860,34238.33333,57002.71996,198867,1,360373,51481.85714,91664.21066,251077,4,0,0,0,0,428,264,31.64094825,19.47135277,0,1418,255.6363636,460.4337029,211999.1948,0,0,0,1,0,0,0,0,0,267.8095238,86.76923077,562.0,428,0,0,0,0,0,0,13,1128,8,4496,65535,175,6,32,0.0,0.0,0,0,0.0,0.0,0,0,Benign
443,5435751,9,6,348,4207,191,0,38.66666667,70.58859681,1448,0,701.1666667,699.2746003,837.970687,2.7595083,388267.9286,1387897.257,5209553,1,5435751,679468.875,1830828.92,5209553,3,126852,25370.4,34169.72447,64603,50,0,0,0,0,296,200,1.65570498,1.10380332,0,1448,284.6875,526.07347,276753.2958,0,0,0,1,0,0,0,0,0,303.6666667,38.66666667,701.1666667,296,0,0,0,0,0,0,9,348,6,4207,29200,939,3,32,226195.0,0.0,226195,226195,5209553.0,0.0,5209553,5209553,Benign
50094,269,3,0,31,0,31,0,10.33333333,17.89785834,0,0,0.0,0.0,115241.6357,11152.41636,134.5,187.383297,267,2,269,134.5,187.383297,267,2,0,0.0,0.0,0,0,0,0,0,0,60,0,11152.41636,0.0,0,31,7.75,15.5,240.25,0,0,0,0,1,0,0,0,0,10.33333333,10.33333333,0.0,60,0,0,0,0,0,0,3,31,0,0,32160,-1,1,20,0.0,0.0,0,0,0.0,0.0,0,0,Benign
53,30939,2,2,72,146,36,36,36.0,0.0,73,73,73.0,0.0,7046.123016,129.2866608,10313.0,17857.44383,30933,3,3,3.0,0.0,3,3,3,3.0,0.0,3,3,0,0,0,0,40,40,64.64333042,64.64333042,36,73,50.8,20.26573463,410.7,0,0,0,0,0,0,0,0,1,63.5,36.0,73.0,40,0,0,0,0,0,0,2,72,2,146,-1,-1,1,20,0.0,0.0,0,0,0.0,0.0,0,0,Benign
443,60342579,15,16,2840,8287,2524,0,189.3333333,648.3410331,2896,0,517.9375,853.8423327,184.3971568,0.513733429,2011419.3,4029458.205,10200000,3,51200000,3658999.714,5041595.933,10200000,164,60300000,4016953.533,5064631.27,10200000,3,0,0,0,0,488,520,0.248580691,0.265152737,0,2896,347.71875,757.3581943,573591.4345,0,0,0,1,0,0,0,0,1,358.9354839,189.3333333,517.9375,488,0,0,0,0,0,0,15,2840,16,8287,29200,167,3,32,130803.8333,104392.9759,343895,88000,9926292.167,443917.6856,10200000,9028580,Benign
53,264,2,2,66,578,33,33,33.0,0.0,289,289,289.0,0.0,2439393.939,15151.51515,88.0,146.3591473,257,3,3,3.0,0.0,3,3,4,4.0,0.0,4,4,0,0,0,0,64,40,7575.757576,7575.757576,33,289,135.4,140.2169747,19660.8,0,0,0,0,0,0,0,0,1,169.25,33.0,289.0,64,0,0,0,0,0,0,2,66,2,578,-1,-1,1,32,0.0,0.0,0,0,0.0,0.0,0,0,Benign
80,6282461,3,1,0,0,0,0,0.0,0.0,0,0,0.0,0.0,0.0,0.636693168,2094153.667,3606676.691,6258763,77,6282461,3141230.5,4408856.743,6258763,23698,0,0.0,0.0,0,0,0,0,0,0,104,40,0.477519876,0.159173292,0,0,0.0,0.0,0.0,0,0,0,1,0,0,0,0,0,0.0,0.0,0.0,104,0,0,0,0,0,0,3,0,1,0,29200,65535,0,32,0.0,0.0,0,0,0.0,0.0,0,0,Benign
80,11414,2,0,12,0,6,6,6.0,0.0,0,0,0.0,0.0,1051.340459,175.2234098,11414.0,0.0,11414,11414,11414,11414.0,0.0,11414,11414,0,0.0,0.0,0,0,0,0,0,0,40,0,175.2234098,0.0,6,6,6.0,0.0,0.0,0,0,0,0,1,0,0,0,0,9.0,6.0,0.0,40,0,0,0,0,0,0,2,12,0,0,256,-1,1,20,0.0,0.0,0,0,0.0,0.0,0,0,Benign
138,25,13,0,3055,0,235,235,235.0,0.0,0,0,0.0,0.0,122000000.0,520000.0,2.083333333,2.234373344,9,1,25,2.083333333,2.234373344,9,1,0,0.0,0.0,0,0,0,0,0,0,416,0,520000.0,0.0,235,235,235.0,0.0,0.0,0,0,0,0,0,0,0,0,0,253.0769231,235.0,0.0,416,0,0,0,0,0,0,13,3055,0,0,-1,-1,12,32,0.0,0.0,0,0,0.0,0.0,0,0,Benign
53,238,2,2,66,500,33,33,33.0,0.0,250,250,250.0,0.0,2378151.261,16806.72269,79.33333333,132.2132116,232,3,3,3.0,0.0,3,3,3,3.0,0.0,3,3,0,0,0,0,64,64,8403.361345,8403.361345,33,250,119.8,118.855795,14126.7,0,0,0,0,0,0,0,0,1,149.75,33.0,250.0,64,0,0,0,0,0,0,2,66,2,500,-1,-1,1,32,0.0,0.0,0,0,0.0,0.0,0,0,Benign
53777,129,1,1,0,0,0,0,0.0,0.0,0,0,0.0,0.0,0.0,15503.87597,129.0,0.0,129,129,0,0.0,0.0,0,0,0,0.0,0.0,0,0,0,0,0,0,32,32,7751.937984,7751.937984,0,0,0.0,0.0,0.0,0,0,0,0,1,1,0,0,1,0.0,0.0,0.0,32,0,0,0,0,0,0,1,0,1,0,390,65535,0,32,0.0,0.0,0,0,0.0,0.0,0,0,Benign
53,225776,1,1,50,156,50,50,50.0,0.0,156,156,156.0,0.0,912.4087591,8.858337467,225776.0,0.0,225776,225776,0,0.0,0.0,0,0,0,0.0,0.0,0,0,0,0,0,0,20,20,4.429168734,4.429168734,50,156,85.33333333,61.19912853,3745.333333,0,0,0,0,0,0,0,0,1,128.0,50.0,156.0,20,0,0,0,0,0,0,1,50,1,156,-1,-1,0,20,0.0,0.0,0,0,0.0,0.0,0,0,Benign
53,96265,2,2,66,326,33,33,33.0,0.0,163,163,163.0,0.0,4072.092661,41.55196593,32088.33333,55532.72888,96212,4,4,4.0,0.0,4,4,49,49.0,0.0,49,49,0,0,0,0,64,64,20.77598296,20.77598296,33,163,85.0,71.20393248,5070.0,0,0,0,0,0,0,0,0,1,106.25,33.0,163.0,64,0,0,0,0,0,0,2,66,2,326,-1,-1,1,32,0.0,0.0,0,0,0.0,0.0,0,0,Benign
54185,202,1,1,0,0,0,0,0.0,0.0,0,0,0.0,0.0,0.0,9900.990099,202.0,0.0,202,202,0,0.0,0.0,0,0,0,0.0,0.0,0,0,0,0,0,0,32,32,4950.49505,4950.49505,0,0,0.0,0.0,0.0,0,0,0,0,1,0,0,0,1,0.0,0.0,0.0,32,0,0,0,0,0,0,1,0,1,0,122,33304,0,32,0.0,0.0,0,0,0.0,0.0,0,0,Benign
52772,68,1,1,0,0,0,0,0.0,0.0,0,0,0.0,0.0,0.0,29411.76471,68.0,0.0,68,68,0,0.0,0.0,0,0,0,0.0,0.0,0,0,0,0,0,0,20,20,14705.88235,14705.88235,0,0,0.0,0.0,0.0,0,0,0,0,1,1,0,0,1,0.0,0.0,0.0,20,0,0,0,0,0,0,1,0,1,0,106,256,0,20,0.0,0.0,0,0,0.0,0.0,0,0,Benign
80,22966396,7,5,577,704,575,0,82.42857143,217.2040954,704,0,140.8,314.8383712,55.77714501,0.522502529,2087854.182,3985296.702,9996337,34,23000000,3827732.667,4895312.927,10000000,669,20200000,5037751.25,5771158.988,10000000,37701,0,0,0,0,152,136,0.304793142,0.217709387,0,704,98.53846154,241.5255733,58334.60256,0,0,0,1,0,0,0,0,0,106.75,82.42857143,140.8,152,0,0,0,0,0,0,7,577,5,704,8192,344,3,20,99345.0,88268.1395,161760,36930,9976104.5,28613.0759,9996337,9955872,Benign
53,181,2,2,64,158,32,32,32.0,0.0,79,79,79.0,0.0,1226519.337,22099.44751,60.33333333,102.7683479,179,1,1,1.0,0.0,1,1,1,1.0,0.0,1,1,0,0,0,0,64,64,11049.72376,11049.72376,32,79,50.8,25.7429602,662.7,0,0,0,0,0,0,0,0,1,63.5,32.0,79.0,64,0,0,0,0,0,0,2,64,2,158,-1,-1,1,32,0.0,0.0,0,0,0.0,0.0,0,0,Benign
38315,186440,1,5,6,30,6,6,6.0,0.0,6,6,6.0,0.0,193.0916112,32.18193521,37288.0,68685.1642,158820,4,0,0.0,0.0,0,0,184151,46037.75,76025.09371,158820,4,0,0,0,0,20,100,5.363655868,26.81827934,6,6,6.0,0.0,0.0,0,0,0,0,1,1,0,0,5,7.0,6.0,6.0,20,0,0,0,0,0,0,1,6,5,30,229,0,0,20,0.0,0.0,0,0,0.0,0.0,0,0,Benign
49282,47,2,0,124,0,62,62,62.0,0.0,0,0,0.0,0.0,2638297.872,42553.19149,47.0,0.0,47,47,47,47.0,0.0,47,47,0,0.0,0.0,0,0,0,0,0,0,64,0,42553.19149,0.0,62,62,62.0,0.0,0.0,0,0,0,0,0,0,0,0,0,93.0,62.0,0.0,64,0,0,0,0,0,0,2,124,0,0,-1,-1,1,32,0.0,0.0,0,0,0.0,0.0,0,0,Benign
443,5076039,5,1,135,46,46,6,27.0,20.1246118,46,46,46.0,0.0,35.65772446,1.182024015,1015207.8,2137337.312,4835647,4,5076039,1269009.75,2380438.138,4835647,4,0,0.0,0.0,0,0,1,0,0,0,100,20,0.985020013,0.197004003,6,46,32.42857143,18.86670032,355.952381,0,1,0,0,1,0,0,0,0,37.83333333,27.0,46.0,100,0,0,0,0,0,0,5,135,1,46,254,360,4,20,0.0,0.0,0,0,0.0,0.0,0,0,Benign
443,3,2,0,31,0,31,0,15.5,21.92031022,0,0,0.0,0.0,10300000.0,666666.6667,3.0,0.0,3,3,3,3.0,0.0,3,3,0,0.0,0.0,0,0,1,0,0,0,64,0,666666.6667,0.0,0,31,20.66666667,17.89785834,320.3333333,0,1,0,0,1,0,0,0,0,31.0,15.5,0.0,64,0,0,0,0,0,0,2,31,0,0,252,-1,0,32,0.0,0.0,0,0,0.0,0.0,0,0,Benign
88,746,2,2,508,2796,254,254,254.0,0.0,1398,1398,1398.0,0.0,4428954.424,5361.930295,248.6666667,389.8132031,698,1,1,1.0,0.0,1,1,47,47.0,0.0,47,47,0,0,0,0,40,40,2680.965147,2680.965147,254,1398,711.6,626.5946058,392620.8,0,0,0,0,0,0,0,0,1,889.5,254.0,1398.0,40,0,0,0,0,0,0,2,508,2,2796,-1,-1,1,20,0.0,0.0,0,0,0.0,0.0,0,0,Benign
80,7606624,28,36,1928,43793,338,0,68.85714286,134.3973419,2896,0,1216.472222,856.8371903,6010.682269,8.413719411,120740.0635,747172.8187,5937102,2,1669522,61834.14815,83054.08945,208515,2,7431305,212323.0,1000168.293,5937183,2,0,0,0,0,904,1160,3.681002242,4.732717169,0,2896,703.4,860.8608845,741081.4625,0,0,0,1,0,0,0,0,1,714.390625,68.85714286,1216.472222,904,0,0,0,0,0,0,28,1928,36,43793,29200,164,6,32,0.0,0.0,0,0,0.0,0.0,0,0,Benign
53,349182,1,1,41,57,41,41,41.0,0.0,57,57,57.0,0.0,280.655933,5.727672102,349182.0,0.0,349182,349182,0,0.0,0.0,0,0,0,0.0,0.0,0,0,0,0,0,0,32,20,2.863836051,2.863836051,41,57,46.33333333,9.237604307,85.33333333,0,0,0,0,0,0,0,0,1,69.5,41.0,57.0,32,0,0,0,0,0,0,1,41,1,57,-1,-1,0,32,0.0,0.0,0,0,0.0,0.0,0,0,Benign
443,34860,1,1,6,6,6,6,6.0,0.0,6,6,6.0,0.0,344.2340792,57.37234653,34860.0,0.0,34860,34860,0,0.0,0.0,0,0,0,0.0,0.0,0,0,0,0,0,0,20,20,28.68617326,28.68617326,6,6,6.0,0.0,0.0,0,0,0,0,1,1,0,0,1,9.0,6.0,6.0,20,0,0,0,0,0,0,1,6,1,6,257,119,0,20,0.0,0.0,0,0,0.0,0.0,0,0,Benign
53,31125,2,2,80,248,40,40,40.0,0.0,124,124,124.0,0.0,10538.15261,128.5140562,10375.0,17886.02267,31028,48,48,48.0,0.0,48,48,49,49.0,0.0,49,49,0,0,0,0,40,40,64.25702811,64.25702811,40,124,73.6,46.00869483,2116.8,0,0,0,0,0,0,0,0,1,92.0,40.0,124.0,40,0,0,0,0,0,0,2,80,2,248,-1,-1,1,20,0.0,0.0,0,0,0.0,0.0,0,0,Benign
43552,966,3,1,31,6,31,0,10.33333333,17.89785834,6,6,6.0,0.0,38302.27743,4140.786749,322.0,500.5666789,899,4,903,451.5,632.8605692,899,4,0,0.0,0.0,0,0,0,0,0,0,96,20,3105.590062,1035.196687,0,31,7.4,13.44618905,180.8,0,0,0,0,1,0,0,0,0,9.25,10.33333333,6.0,96,0,0,0,0,0,0,3,31,1,6,1210,0,1,32,0.0,0.0,0,0,0.0,0.0,0,0,Benign
53,50513,2,2,74,130,37,37,37.0,0.0,65,65,65.0,0.0,4038.56433,79.18753588,16837.66667,29157.63197,50506,3,4,4.0,0.0,4,4,3,3.0,0.0,3,3,0,0,0,0,64,40,39.59376794,39.59376794,37,65,48.2,15.33623161,235.2,0,0,0,0,0,0,0,0,1,60.25,37.0,65.0,64,0,0,0,0,0,0,2,74,2,130,-1,-1,1,32,0.0,0.0,0,0,0.0,0.0,0,0,Benign
445,90031259,10,10,48,12,6,0,4.8,2.529822128,6,0,1.2,2.529822128,0.666435199,0.222145066,4738487.316,11200000.0,30000000,1,90000000,10000000.0,15000000.0,30000000,1,90000000,10000000.0,15000000.0,30000000,1,0,0,0,0,224,296,0.111072533,0.111072533,0,6,3.142857143,3.070597894,9.428571429,0,0,0,0,1,0,0,0,1,3.3,4.8,1.2,224,0,0,0,0,0,0,10,48,10,12,253,2047,7,20,22.33333333,5.859465277,29,18,30000000.0,11679.22134,30000000,30000000,Benign
53,283,2,2,64,96,32,32,32.0,0.0,48,48,48.0,0.0,565371.0247,14134.27562,94.33333333,122.4636,233,1,1,1.0,0.0,1,1,49,49.0,0.0,49,49,0,0,0,0,64,64,7067.137809,7067.137809,32,48,38.4,8.76356092,76.8,0,0,0,0,0,0,0,0,1,48.0,32.0,48.0,64,0,0,0,0,0,0,2,64,2,96,-1,-1,1,32,0.0,0.0,0,0,0.0,0.0,0,0,Benign
443,20666571,12,12,1749,9997,517,0,145.75,225.4519199,2357,0,833.0833333,884.2295525,568.3574697,1.161295698,898546.5652,2864794.351,9997693,8,20700000,1878779.182,4013118.484,9997693,231,20600000,1875349.909,4015402.182,10000000,50,0,0,0,0,392,392,0.580647849,0.580647849,0,2357,469.84,713.6790058,509337.7233,0,0,0,1,0,0,0,0,1,489.4166667,145.75,833.0833333,392,0,0,0,0,0,0,12,1749,12,9997,29200,147,4,32,362174.0,458884.0167,686654,37694,9971009.5,37736.16759,9997693,9944326,Benign
443,116458636,21,19,726,4379,363,0,34.57142857,89.87300564,1460,0,230.4736842,470.7618375,43.83530647,0.34346959,2986118.872,4501379.718,10000000,33,116000000,5822931.8,4925878.339,10100000,49,112000000,6194725.333,5004702.454,10100000,49,0,0,0,0,432,384,0.180321535,0.163148055,0,1460,124.5121951,337.2444308,113733.8061,0,0,0,1,0,0,0,0,0,127.625,34.57142857,230.4736842,432,0,0,0,0,0,0,21,726,19,4379,8192,31088,15,20,165010.2727,209217.287,795804,99761,9972131.909,93425.73808,10000000,9690815,Benign
10108,214,2,0,12,0,6,6,6.0,0.0,0,0,0.0,0.0,56074.76636,9345.794393,214.0,0.0,214,214,214,214.0,0.0,214,214,0,0.0,0.0,0,0,0,0,0,0,40,0,9345.794393,0.0,6,6,6.0,0.0,0.0,0,0,0,0,1,0,0,0,0,9.0,6.0,0.0,40,0,0,0,0,0,0,2,12,0,0,4380,-1,1,20,0.0,0.0,0,0,0.0,0.0,0,0,Benign
53,59811,1,1,78,110,78,78,78.0,0.0,110,110,110.0,0.0,3143.234522,33.43866513,59811.0,0.0,59811,59811,0,0.0,0.0,0,0,0,0.0,0.0,0,0,0,0,0,0,32,32,16.71933256,16.71933256,78,110,88.66666667,18.47520861,341.3333333,0,0,0,0,0,0,0,0,1,133.0,78.0,110.0,32,0,0,0,0,0,0,1,78,1,110,-1,-1,0,32,0.0,0.0,0,0,0.0,0.0,0,0,Benign
443,115744511,25,21,1022,5453,665,0,40.88,138.0342107,1460,0,259.6666667,516.2558797,55.94217768,0.397427054,2572100.244,4378034.604,10200000,2,116000000,4822687.958,5104238.881,10200000,48,113000000,5640688.4,5201398.36,10200000,2,0,0,0,0,520,432,0.215992964,0.18143409,0,1460,137.7659574,371.6412607,138117.2266,0,0,0,1,0,0,0,0,0,140.7608696,40.88,259.6666667,520,0,0,0,0,0,0,25,1022,21,5453,29200,2560,4,20,107813.9091,97985.61418,403160,77306,10100000.0,48195.6884,10200000,10000000,Benign
53,1129,2,2,68,158,34,34,34.0,0.0,79,79,79.0,0.0,200177.1479,3542.95837,376.3333333,644.9002507,1121,4,4,4.0,0.0,4,4,4,4.0,0.0,4,4,0,0,0,0,64,64,1771.479185,1771.479185,34,79,52.0,24.64751509,607.5,0,0,0,0,0,0,0,0,1,65.0,34.0,79.0,64,0,0,0,0,0,0,2,68,2,158,-1,-1,1,32,0.0,0.0,0,0,0.0,0.0,0,0,Benign
53,32526,2,2,86,194,43,43,43.0,0.0,97,97,97.0,0.0,8608.497817,122.9785402,10842.0,18734.74107,32475,3,48,48.0,0.0,48,48,3,3.0,0.0,3,3,0,0,0,0,40,64,61.48927012,61.48927012,43,97,64.6,29.57701811,874.8,0,0,0,0,0,0,0,0,1,80.75,43.0,97.0,40,0,0,0,0,0,0,2,86,2,194,-1,-1,1,20,0.0,0.0,0,0,0.0,0.0,0,0,Benign
53,47585,1,1,58,145,58,58,58.0,0.0,145,145,145.0,0.0,4266.050226,42.03005149,47585.0,0.0,47585,47585,0,0.0,0.0,0,0,0,0.0,0.0,0,0,0,0,0,0,32,32,21.01502574,21.01502574,58,145,87.0,50.22947342,2523.0,0,0,0,0,0,0,0,0,1,130.5,58.0,145.0,32,0,0,0,0,0,0,1,58,1,145,-1,-1,0,32,0.0,0.0,0,0,0.0,0.0,0,0,Benign
443,970687,13,8,812,3621,341,0,62.46153846,112.8159381,1517,0,452.625,667.5036517,4566.86862,21.6341622,48534.35,91041.69831,368311,1,970687,80890.58333,140033.9766,489402,1,884533,126361.8571,150998.5383,368311,219,0,0,0,0,428,264,13.3925766,8.241585599,0,1517,201.5,440.1342598,193718.1667,0,0,0,1,0,0,0,0,0,211.0952381,62.46153846,452.625,428,0,0,0,0,0,0,13,812,8,3621,65535,114,6,32,0.0,0.0,0,0,0.0,0.0,0,0,Benign
59512,55,1,1,0,0,0,0,0.0,0.0,0,0,0.0,0.0,0.0,36363.63636,55.0,0.0,55,55,0,0.0,0.0,0,0,0,0.0,0.0,0,0,0,0,0,0,32,32,18181.81818,18181.81818,0,0,0.0,0.0,0.0,0,0,0,0,1,1,0,0,1,0.0,0.0,0.0,32,0,0,0,0,0,0,1,0,1,0,179,408,0,32,0.0,0.0,0,0,0.0,0.0,0,0,Benign
53,31172,1,1,40,112,40,40,40.0,0.0,112,112,112.0,0.0,4876.170923,64.16014372,31172.0,0.0,31172,31172,0,0.0,0.0,0,0,0,0.0,0.0,0,0,0,0,0,0,20,32,32.08007186,32.08007186,40,112,64.0,41.56921938,1728.0,0,0,0,0,0,0,0,0,1,96.0,40.0,112.0,20,0,0,0,0,0,0,1,40,1,112,-1,-1,0,20,0.0,0.0,0,0,0.0,0.0,0,0,Benign
137,4,2,0,124,0,62,62,62.0,0.0,0,0,0.0,0.0,31000000.0,500000.0,4.0,0.0,4,4,4,4.0,0.0,4,4,0,0.0,0.0,0,0,0,0,0,0,64,0,500000.0,0.0,62,62,62.0,0.0,0.0,0,0,0,0,0,0,0,0,0,93.0,62.0,0.0,64,0,0,0,0,0,0,2,124,0,0,-1,-1,1,32,0.0,0.0,0,0,0.0,0.0,0,0,Benign
60936,401,3,0,0,0,0,0,0.0,0.0,0,0,0.0,0.0,0.0,7481.296758,200.5,277.892965,397,4,401,200.5,277.892965,397,4,0,0.0,0.0,0,0,0,0,0,0,96,0,7481.296758,0.0,0,0,0.0,0.0,0.0,0,0,0,0,1,0,0,0,0,0.0,0.0,0.0,96,0,0,0,0,0,0,3,0,0,0,4734,-1,0,32,0.0,0.0,0,0,0.0,0.0,0,0,Benign
22,165,1,1,6,6,6,6,6.0,0.0,6,6,6.0,0.0,72727.27273,12121.21212,165.0,0.0,165,165,0,0.0,0.0,0,0,0,0.0,0.0,0,0,0,0,0,0,20,20,6060.606061,6060.606061,6,6,6.0,0.0,0.0,0,0,0,0,1,1,0,0,1,9.0,6.0,6.0,20,0,0,0,0,0,0,1,6,1,6,256,245,0,20,0.0,0.0,0,0,0.0,0.0,0,0,Benign
53,181,2,2,68,182,34,34,34.0,0.0,91,91,91.0,0.0,1381215.47,22099.44751,60.33333333,99.3042463,175,3,3,3.0,0.0,3,3,3,3.0,0.0,3,3,0,0,0,0,40,40,11049.72376,11049.72376,34,91,56.8,31.22018578,974.7,0,0,0,0,0,0,0,0,1,71.0,34.0,91.0,40,0,0,0,0,0,0,2,68,2,182,-1,-1,1,20,0.0,0.0,0,0,0.0,0.0,0,0,Benign
443,1651638,3,3,0,0,0,0,0.0,0.0,0,0,0.0,0.0,0.0,3.632757299,330327.6,161835.1301,507802,211970,1439668,719834.0,213.5462479,719985,719683,1439371,719685.5,122.3294731,719772,719599,0,0,0,0,92,60,1.81637865,1.81637865,0,0,0.0,0.0,0.0,0,0,0,1,0,0,0,0,1,0.0,0.0,0.0,92,0,0,0,0,0,0,3,0,3,0,8192,0,0,28,0.0,0.0,0,0,0.0,0.0,0,0,Benign
53,31336,2,2,74,874,37,37,37.0,0.0,437,437,437.0,0.0,30252.74445,127.6487107,10445.33333,18085.78586,31329,3,3,3.0,0.0,3,3,4,4.0,0.0,4,4,0,0,0,0,40,64,63.82435537,63.82435537,37,437,197.0,219.089023,48000.0,0,0,0,0,0,0,0,0,1,246.25,37.0,437.0,40,0,0,0,0,0,0,2,74,2,874,-1,-1,1,20,0.0,0.0,0,0,0.0,0.0,0,0,Benign
53,172071,2,2,78,290,39,39,39.0,0.0,145,145,145.0,0.0,2138.652068,23.24621813,57357.0,99338.30997,172063,4,4,4.0,0.0,4,4,4,4.0,0.0,4,4,0,0,0,0,64,64,11.62310907,11.62310907,39,145,81.4,58.0585911,3370.8,0,0,0,0,0,0,0,0,1,101.75,39.0,145.0,64,0,0,0,0,0,0,2,78,2,290,-1,-1,1,32,0.0,0.0,0,0,0.0,0.0,0,0,Benign
443,60926759,15,15,1260,4991,870,0,84.0,225.0257128,1460,0,332.7333333,548.3699829,102.5985971,0.492394483,2100922.724,4084428.484,10000000,48,60900000,4351911.357,5077604.115,10100000,198,60900000,4348203.143,5088172.252,10100000,49,0,0,0,0,324,384,0.246197242,0.246197242,0,1460,201.6451613,425.240132,180829.1699,0,0,0,1,0,0,0,0,1,208.3666667,84.0,332.7333333,324,0,0,0,0,0,0,15,1260,15,4991,8192,126,13,20,130827.1667,194720.6695,528299,51151,9957010.5,103342.545,10000000,9746277,Benign
53,30483,1,1,48,132,48,48,48.0,0.0,132,132,132.0,0.0,5904.930617,65.61034019,30483.0,0.0,30483,30483,0,0.0,0.0,0,0,0,0.0,0.0,0,0,0,0,0,0,20,20,32.80517009,32.80517009,48,132,76.0,48.49742261,2352.0,0,0,0,0,0,0,0,0,1,114.0,48.0,132.0,20,0,0,0,0,0,0,1,48,1,132,-1,-1,0,20,0.0,0.0,0,0,0.0,0.0,0,0,Benign
21,3,2,0,14,0,14,0,7.0,9.899494937,0,0,0.0,0.0,4666666.667,666666.6667,3.0,0.0,3,3,3,3.0,0.0,3,3,0,0.0,0.0,0,0,1,0,0,0,64,0,666666.6667,0.0,0,14,9.333333333,8.082903769,65.33333333,0,1,0,0,1,0,0,0,0,14.0,7.0,0.0,64,0,0,0,0,0,0,2,14,0,0,229,-1,0,32,0.0,0.0,0,0,0.0,0.0,0,0,Brute Force
21,8950918,9,15,100,188,26,0,11.11111111,9.116529554,34,0,12.53333333,14.54975045,32.17547072,2.681289226,389170.3478,1012423.452,3128637,4,5780056,722507.0,1340324.73,3087751,224,8950826,639344.7143,1249952.31,3128637,4,0,0,0,0,296,488,1.00548346,1.675805767,0,34,11.52,12.54697839,157.4266667,0,0,0,1,0,0,0,0,1,12.0,11.11111111,12.53333333,296,0,0,0,0,0,0,9,100,15,188,29200,227,6,32,0.0,0.0,0,0,0.0,0.0,0,0,Brute Force
22,12482966,23,32,2008,2745,640,0,87.30434783,136.3399611,976,0,85.78125,220.240592,380.7588677,4.40600415,231166.037,630233.847,2224051,3,10600000,482100.2727,898250.4269,2301593,306,12500000,402671.0323,794018.3345,2224051,3,0,0,0,0,744,1032,1.842510826,2.563493324,0,976,84.875,186.8396554,34909.05682,0,0,0,1,0,0,0,0,1,86.41818182,87.30434783,85.78125,744,0,0,0,0,0,0,23,2008,32,2745,29200,247,16,32,0.0,0.0,0,0,0.0,0.0,0,0,Brute Force
21,263,2,1,14,0,14,0,7.0,9.899494937,0,0,0.0,0.0,53231.93916,11406.84411,131.5,27.57716447,151,112,263,263.0,0.0,263,263,0,0.0,0.0,0,0,1,0,0,0,64,20,7604.562738,3802.281369,0,14,7.0,8.082903769,65.33333333,0,1,0,0,1,0,0,0,0,9.333333333,7.0,0.0,64,0,0,0,0,0,0,2,14,1,0,229,0,0,32,0.0,0.0,0,0,0.0,0.0,0,0,Brute Force
21,8938866,9,15,112,188,24,0,12.44444444,10.17486009,34,0,12.53333333,14.54975045,33.56130408,2.684904327,388646.3478,1007969.509,3401099,3,6536010,817001.25,1487256.548,3442387,49,8938817,638486.9286,1244033.889,3401099,3,0,0,0,0,296,488,1.006839123,1.678065204,0,34,12.0,12.81600562,164.25,0,0,0,1,0,0,0,0,1,12.5,12.44444444,12.53333333,296,0,0,0,0,0,0,9,112,15,188,29200,227,6,32,0.0,0.0,0,0,0.0,0.0,0,0,Brute Force
21,8901010,9,15,114,188,30,0,12.66666667,10.80509139,34,0,12.53333333,14.54975045,33.92873393,2.696323226,387000.4348,1003934.684,3383725,3,6328510,791063.75,1451525.702,3427752,3,8900980,635784.2857,1239084.701,3383725,48,0,0,0,0,296,488,1.01112121,1.685202016,0,34,12.08,12.99012445,168.7433333,0,0,0,1,0,0,0,0,1,12.58333333,12.66666667,12.53333333,296,0,0,0,0,0,0,9,114,15,188,29200,227,6,32,0.0,0.0,0,0,0.0,0.0,0,0,Brute Force
21,232,2,1,14,0,14,0,7.0,9.899494937,0,0,0.0,0.0,60344.82759,12931.03448,116.0,80.61017306,173,59,232,232.0,0.0,232,232,0,0.0,0.0,0,0,1,0,0,0,64,20,8620.689655,4310.344828,0,14,7.0,8.082903769,65.33333333,0,1,0,0,1,0,0,0,0,9.333333333,7.0,0.0,64,0,0,0,0,0,0,2,14,1,0,229,0,0,32,0.0,0.0,0,0,0.0,0.0,0,0,Brute Force
21,323,2,1,14,0,14,0,7.0,9.899494937,0,0,0.0,0.0,43343.65325,9287.925697,161.5,70.00357134,211,112,323,323.0,0.0,323,323,0,0.0,0.0,0,0,1,0,0,0,64,20,6191.950464,3095.975232,0,14,7.0,8.082903769,65.33333333,0,1,0,0,1,0,0,0,0,9.333333333,7.0,0.0,64,0,0,0,0,0,0,2,14,1,0,229,0,0,32,0.0,0.0,0,0,0.0,0.0,0,0,Brute Force
22,100,1,1,0,0,0,0,0.0,0.0,0,0,0.0,0.0,0.0,20000.0,100.0,0.0,100,100,0,0.0,0.0,0,0,0,0.0,0.0,0,0,0,0,0,0,32,32,10000.0,10000.0,0,0,0.0,0.0,0.0,0,0,0,0,1,1,0,0,1,0.0,0.0,0.0,32,0,0,0,0,0,0,1,0,1,0,259,247,0,32,0.0,0.0,0,0,0.0,0.0,0,0,Brute Force
21,8103521,9,15,118,188,33,0,13.11111111,11.69876537,34,0,12.53333333,14.54975045,37.76136324,2.961675548,352327.0,916748.188,2986234,3,5663213,707901.625,1312308.402,3028614,3,8103417,578815.5,1131855.557,2986234,3,0,0,0,0,296,488,1.110628331,1.851047218,0,34,12.24,13.25481045,175.69,0,0,0,1,0,0,0,0,1,12.75,13.11111111,12.53333333,296,0,0,0,0,0,0,9,118,15,188,29200,227,6,32,0.0,0.0,0,0,0.0,0.0,0,0,Brute Force
22,74,1,1,0,0,0,0,0.0,0.0,0,0,0.0,0.0,0.0,27027.02703,74.0,0.0,74,74,0,0.0,0.0,0,0,0,0.0,0.0,0,0,0,0,0,0,32,32,13513.51351,13513.51351,0,0,0.0,0.0,0.0,0,0,0,0,1,1,0,0,1,0.0,0.0,0.0,32,0,0,0,0,0,0,1,0,1,0,259,247,0,32,0.0,0.0,0,0,0.0,0.0,0,0,Brute Force
22,12635338,21,32,2008,2745,640,0,95.61904762,140.0451628,976,0,85.78125,220.240592,376.1672224,4.19458506,242987.2692,655629.7734,2632225,1,10500000,523674.2,930167.9414,2703449,511,12600000,407587.7742,813345.1793,2632225,1,0,0,0,0,680,1032,1.662005401,2.532579659,0,976,88.01851852,189.5902723,35944.47135,0,0,0,1,0,0,0,0,1,89.67924528,95.61904762,85.78125,680,0,0,0,0,0,0,21,2008,32,2745,29200,247,16,32,0.0,0.0,0,0,0.0,0.0,0,0,Brute Force
21,249,2,1,14,0,14,0,7.0,9.899494937,0,0,0.0,0.0,56224.8996,12048.19277,124.5,19.09188309,138,111,249,249.0,0.0,249,249,0,0.0,0.0,0,0,1,0,0,0,64,20,8032.128514,4016.064257,0,14,7.0,8.082903769,65.33333333,0,1,0,0,1,0,0,0,0,9.333333333,7.0,0.0,64,0,0,0,0,0,0,2,14,1,0,229,0,0,32,0.0,0.0,0,0,0.0,0.0,0,0,Brute Force
22,12446275,21,32,2008,2745,640,0,95.61904762,140.0451628,976,0,85.78125,220.240592,381.8813259,4.258302183,239351.4423,643761.758,2244244,3,10600000,530491.8,929964.9453,2301022,317,12400000,401488.6452,798342.7537,2244244,3,0,0,0,0,680,1032,1.687251808,2.571050375,0,976,88.01851852,189.5902723,35944.47135,0,0,0,1,0,0,0,0,1,89.67924528,95.61904762,85.78125,680,0,0,0,0,0,0,21,2008,32,2745,29200,247,16,32,0.0,0.0,0,0,0.0,0.0,0,0,Brute Force
22,13140811,21,32,2008,2745,640,0,95.61904762,140.0451628,976,0,85.78125,220.240592,361.6976152,4.033236609,252707.9038,683709.9165,2416925,3,10800000,540103.85,951988.092,2464201,571,13100000,423894.0,848402.2581,2416925,3,0,0,0,0,680,1032,1.598074883,2.435161726,0,976,88.01851852,189.5902723,35944.47135,0,0,0,1,0,0,0,0,1,89.67924528,95.61904762,85.78125,680,0,0,0,0,0,0,21,2008,32,2745,29200,247,16,32,0.0,0.0,0,0,0.0,0.0,0,0,Brute Force
22,12773678,21,31,2008,2745,640,0,95.61904762,140.0451628,976,0,88.5483871,223.315,372.0933,4.070871365,250464.2745,673072.9628,2688130,4,11000000,548134.55,965288.9784,2732545,314,12800000,425784.4,839138.0867,2688130,4,0,0,0,0,680,1000,1.644005744,2.426865622,0,976,89.67924528,191.0076291,36483.91437,0,0,0,1,0,0,0,0,1,91.40384615,95.61904762,88.5483871,680,0,0,0,0,0,0,21,2008,31,2745,29200,247,16,32,0.0,0.0,0,0,0.0,0.0,0,0,Brute Force
21,10069604,9,15,105,188,23,0,11.66666667,9.313968005,34,0,12.53333333,14.54975045,29.09746997,2.383410509,437808.8696,1132051.472,3522265,1,6504922,813115.25,1486536.37,3278802,3,10100000,719248.7857,1396705.747,3522265,1,0,0,0,0,296,488,0.893778941,1.489631568,0,34,11.72,12.59139918,158.5433333,0,0,0,1,0,0,0,0,1,12.20833333,11.66666667,12.53333333,296,0,0,0,0,0,0,9,105,15,188,29200,227,6,32,0.0,0.0,0,0,0.0,0.0,0,0,Brute Force
21,274,2,1,14,0,14,0,7.0,9.899494937,0,0,0.0,0.0,51094.89051,10948.90511,137.0,29.69848481,158,116,274,274.0,0.0,274,274,0,0.0,0.0,0,0,1,0,0,0,64,20,7299.270073,3649.635036,0,14,7.0,8.082903769,65.33333333,0,1,0,0,1,0,0,0,0,9.333333333,7.0,0.0,64,0,0,0,0,0,0,2,14,1,0,229,0,0,32,0.0,0.0,0,0,0.0,0.0,0,0,Brute Force
22,13063203,21,32,2008,2745,640,0,95.61904762,140.0451628,976,0,85.78125,220.240592,363.8464472,4.057197917,251215.4423,679052.7976,2434903,3,11100000,554264.45,973869.061,2479019,317,13100000,421389.5161,842546.31,2434903,3,0,0,0,0,680,1032,1.607568986,2.449628931,0,976,88.01851852,189.5902723,35944.47135,0,0,0,1,0,0,0,0,1,89.67924528,95.61904762,85.78125,680,0,0,0,0,0,0,21,2008,32,2745,29200,247,16,32,0.0,0.0,0,0,0.0,0.0,0,0,Brute Force
21,220,2,1,14,0,14,0,7.0,9.899494937,0,0,0.0,0.0,63636.36364,13636.36364,110.0,50.91168825,146,74,220,220.0,0.0,220,220,0,0.0,0.0,0,0,1,0,0,0,64,20,9090.909091,4545.454545,0,14,7.0,8.082903769,65.33333333,0,1,0,0,1,0,0,0,0,9.333333333,7.0,0.0,64,0,0,0,0,0,0,2,14,1,0,229,0,0,32,0.0,0.0,0,0,0.0,0.0,0,0,Brute Force
21,258,2,1,14,0,14,0,7.0,9.899494937,0,0,0.0,0.0,54263.56589,11627.90698,129.0,65.05382387,175,83,258,258.0,0.0,258,258,0,0.0,0.0,0,0,1,0,0,0,64,20,7751.937984,3875.968992,0,14,7.0,8.082903769,65.33333333,0,1,0,0,1,0,0,0,0,9.333333333,7.0,0.0,64,0,0,0,0,0,0,2,14,1,0,229,0,0,32,0.0,0.0,0,0,0.0,0.0,0,0,Brute Force
22,84,1,1,0,0,0,0,0.0,0.0,0,0,0.0,0.0,0.0,23809.52381,84.0,0.0,84,84,0,0.0,0.0,0,0,0,0.0,0.0,0,0,0,0,0,0,32,32,11904.7619,11904.7619,0,0,0.0,0.0,0.0,0,0,0,0,1,1,0,0,1,0.0,0.0,0.0,32,0,0,0,0,0,0,1,0,1,0,259,247,0,32,0.0,0.0,0,0,0.0,0.0,0,0,Brute Force
22,119816717,16,16,1304,2153,640,0,81.5,165.6140091,976,0,134.5625,306.0108862,28.85240129,0.267074585,3865055.387,20700000.0,115000000,43,4375991,291732.7333,763436.2677,2637910,426,120000000,7987775.6,29700000.0,115000000,43,0,0,0,0,520,520,0.133537293,0.133537293,0,976,104.7575758,240.4359362,57809.43939,0,0,0,1,0,0,0,0,1,108.03125,81.5,134.5625,520,0,0,0,0,0,0,16,1304,16,2153,29200,247,8,32,0.0,0.0,0,0,0.0,0.0,0,0,Brute Force
21,4,2,0,14,0,14,0,7.0,9.899494937,0,0,0.0,0.0,3500000.0,500000.0,4.0,0.0,4,4,4,4.0,0.0,4,4,0,0.0,0.0,0,0,1,0,0,0,64,0,500000.0,0.0,0,14,9.333333333,8.082903769,65.33333333,0,1,0,0,1,0,0,0,0,14.0,7.0,0.0,64,0,0,0,0,0,0,2,14,0,0,229,-1,0,32,0.0,0.0,0,0,0.0,0.0,0,0,Brute Force
22,113,1,1,0,0,0,0,0.0,0.0,0,0,0.0,0.0,0.0,17699.11504,113.0,0.0,113,113,0,0.0,0.0,0,0,0,0.0,0.0,0,0,0,0,0,0,32,32,8849.557522,8849.557522,0,0,0.0,0.0,0.0,0,0,0,0,1,1,0,0,1,0.0,0.0,0.0,32,0,0,0,0,0,0,1,0,1,0,259,247,0,32,0.0,0.0,0,0,0.0,0.0,0,0,Brute Force
22,11741995,22,32,2008,2745,640,0,91.27272727,138.1821372,976,0,85.78125,220.240592,404.7864098,4.598877789,221547.0755,601976.6572,2220232,3,10000000,477509.7143,866889.8667,2301387,48,11700000,378769.2903,752850.988,2220232,3,0,0,0,0,712,1032,1.873616877,2.725260912,0,976,86.41818182,188.2012015,35419.69226,0,0,0,1,0,0,0,0,1,88.01851852,91.27272727,85.78125,712,0,0,0,0,0,0,22,2008,32,2745,29200,247,16,32,0.0,0.0,0,0,0.0,0.0,0,0,Brute Force
22,72,1,1,0,0,0,0,0.0,0.0,0,0,0.0,0.0,0.0,27777.77778,72.0,0.0,72,72,0,0.0,0.0,0,0,0,0.0,0.0,0,0,0,0,0,0,32,32,13888.88889,13888.88889,0,0,0.0,0.0,0.0,0,0,0,0,1,1,0,0,1,0.0,0.0,0.0,32,0,0,0,0,0,0,1,0,1,0,259,247,0,32,0.0,0.0,0,0,0.0,0.0,0,0,Brute Force
21,256,2,1,14,0,14,0,7.0,9.899494937,0,0,0.0,0.0,54687.5,11718.75,128.0,38.18376618,155,101,256,256.0,0.0,256,256,0,0.0,0.0,0,0,1,0,0,0,64,20,7812.5,3906.25,0,14,7.0,8.082903769,65.33333333,0,1,0,0,1,0,0,0,0,9.333333333,7.0,0.0,64,0,0,0,0,0,0,2,14,1,0,229,0,0,32,0.0,0.0,0,0,0.0,0.0,0,0,Brute Force
21,286,2,1,14,0,14,0,7.0,9.899494937,0,0,0.0,0.0,48951.04895,10489.51049,143.0,55.15432893,182,104,286,286.0,0.0,286,286,0,0.0,0.0,0,0,1,0,0,0,64,20,6993.006993,3496.503497,0,14,7.0,8.082903769,65.33333333,0,1,0,0,1,0,0,0,0,9.333333333,7.0,0.0,64,0,0,0,0,0,0,2,14,1,0,229,0,0,32,0.0,0.0,0,0,0.0,0.0,0,0,Brute Force
21,8910786,9,15,105,188,23,0,11.66666667,9.354143467,34,0,12.53333333,14.54975045,32.88149889,2.693365097,387425.4783,1011656.429,3403215,3,6314993,789374.125,1465235.491,3446558,232,8910708,636479.1429,1249517.666,3403215,3,0,0,0,0,296,488,1.010011911,1.683353186,0,34,11.72,12.60132268,158.7933333,0,0,0,1,0,0,0,0,1,12.20833333,11.66666667,12.53333333,296,0,0,0,0,0,0,9,105,15,188,29200,227,6,32,0.0,0.0,0,0,0.0,0.0,0,0,Brute Force
21,8705723,9,15,106,188,24,0,11.77777778,9.510228412,34,0,12.53333333,14.54975045,33.77088841,2.756807218,378509.6957,982372.406,2964591,4,5954226,744278.25,1376426.995,3007496,227,8705600,621828.5714,1212536.273,2964591,4,0,0,0,0,296,488,1.033802707,1.723004511,0,34,11.76,12.64014768,159.7733333,0,0,0,1,0,0,0,0,1,12.25,11.77777778,12.53333333,296,0,0,0,0,0,0,9,106,15,188,29200,227,6,32,0.0,0.0,0,0,0.0,0.0,0,0,Brute Force
21,4,2,0,14,0,14,0,7.0,9.899494937,0,0,0.0,0.0,3500000.0,500000.0,4.0,0.0,4,4,4,4.0,0.0,4,4,0,0.0,0.0,0,0,1,0,0,0,64,0,500000.0,0.0,0,14,9.333333333,8.082903769,65.33333333,0,1,0,0,1,0,0,0,0,14.0,7.0,0.0,64,0,0,0,0,0,0,2,14,0,0,229,-1,0,32,0.0,0.0,0,0,0.0,0.0,0,0,Brute Force
22,11618666,23,32,2008,2745,640,0,87.30434783,136.3399611,976,0,85.78125,220.240592,409.0831082,4.733762034,215160.4815,581278.9136,2091461,4,9721318,441878.0909,808638.9357,2164972,485,11600000,374792.6129,731661.3468,2091461,4,0,0,0,0,744,1032,1.979573214,2.75418882,0,976,84.875,186.8396554,34909.05682,0,0,0,1,0,0,0,0,1,86.41818182,87.30434783,85.78125,744,0,0,0,0,0,0,23,2008,32,2745,29200,247,16,32,0.0,0.0,0,0,0.0,0.0,0,0,Brute Force
21,227,2,1,14,0,14,0,7.0,9.899494937,0,0,0.0,0.0,61674.00881,13215.85903,113.5,31.81980515,136,91,227,227.0,0.0,227,227,0,0.0,0.0,0,0,1,0,0,0,64,20,8810.572687,4405.286344,0,14,7.0,8.082903769,65.33333333,0,1,0,0,1,0,0,0,0,9.333333333,7.0,0.0,64,0,0,0,0,0,0,2,14,1,0,229,0,0,32,0.0,0.0,0,0,0.0,0.0,0,0,Brute Force
22,67,1,1,0,0,0,0,0.0,0.0,0,0,0.0,0.0,0.0,29850.74627,67.0,0.0,67,67,0,0.0,0.0,0,0,0,0.0,0.0,0,0,0,0,0,0,32,32,14925.37313,14925.37313,0,0,0.0,0.0,0.0,0,0,0,0,1,1,0,0,1,0.0,0.0,0.0,32,0,0,0,0,0,0,1,0,1,0,259,247,0,32,0.0,0.0,0,0,0.0,0.0,0,0,Brute Force
22,65,1,1,0,0,0,0,0.0,0.0,0,0,0.0,0.0,0.0,30769.23077,65.0,0.0,65,65,0,0.0,0.0,0,0,0,0.0,0.0,0,0,0,0,0,0,32,32,15384.61538,15384.61538,0,0,0.0,0.0,0.0,0,0,0,0,1,1,0,0,1,0.0,0.0,0.0,32,0,0,0,0,0,0,1,0,1,0,259,247,0,32,0.0,0.0,0,0,0.0,0.0,0,0,Brute Force
22,11769176,21,32,2008,2745,640,0,95.61904762,140.0451628,976,0,85.78125,220.240592,403.8515526,4.50328893,226330.3077,615739.6488,2279932,4,9686308,484315.4,864319.6271,2332327,356,11800000,379647.7742,764506.6955,2279932,4,0,0,0,0,680,1032,1.784322029,2.718966901,0,976,88.01851852,189.5902723,35944.47135,0,0,0,1,0,0,0,0,1,89.67924528,95.61904762,85.78125,680,0,0,0,0,0,0,21,2008,32,2745,29200,247,16,32,0.0,0.0,0,0,0.0,0.0,0,0,Brute Force
22,12062454,22,32,2008,2745,640,0,91.27272727,138.1821372,976,0,85.78125,220.240592,394.0325907,4.47670101,227593.4717,618623.6183,2327111,3,9694261,461631.4762,830825.3275,2176486,393,12100000,389110.8387,773661.9202,2327111,3,0,0,0,0,712,1032,1.823841152,2.652859858,0,976,86.41818182,188.2012015,35419.69226,0,0,0,1,0,0,0,0,1,88.01851852,91.27272727,85.78125,712,0,0,0,0,0,0,22,2008,32,2745,29200,247,16,32,0.0,0.0,0,0,0.0,0.0,0,0,Brute Force
21,7973737,9,15,119,188,32,0,13.22222222,11.46492235,34,0,12.53333333,14.54975045,38.50139527,3.009881063,346684.2174,903699.8071,3039127,3,5403365,675420.625,1262969.278,3083698,3,7973629,569544.9286,1115968.459,3039127,3,0,0,0,0,296,488,1.128705399,1.881175665,0,34,12.28,13.18938968,173.96,0,0,0,1,0,0,0,0,1,12.79166667,13.22222222,12.53333333,296,0,0,0,0,0,0,9,119,15,188,29200,227,6,32,0.0,0.0,0,0,0.0,0.0,0,0,Brute Force
21,8860664,9,15,104,188,23,0,11.55555556,9.275116052,34,0,12.53333333,14.54975045,32.95464087,2.70860062,385246.2609,972965.525,3134392,4,5683335,710416.875,1244738.573,2902817,4,8860577,632898.3571,1197200.945,3134392,4,0,0,0,0,296,488,1.015725232,1.692875387,0,34,11.68,12.58213019,158.31,0,0,0,1,0,0,0,0,1,12.16666667,11.55555556,12.53333333,296,0,0,0,0,0,0,9,104,15,188,29200,227,6,32,0.0,0.0,0,0,0.0,0.0,0,0,Brute Force
21,4,2,0,14,0,14,0,7.0,9.899494937,0,0,0.0,0.0,3500000.0,500000.0,4.0,0.0,4,4,4,4.0,0.0,4,4,0,0.0,0.0,0,0,1,0,0,0,64,0,500000.0,0.0,0,14,9.333333333,8.082903769,65.33333333,0,1,0,0,1,0,0,0,0,14.0,7.0,0.0,64,0,0,0,0,0,0,2,14,0,0,229,-1,0,32,0.0,0.0,0,0,0.0,0.0,0,0,Brute Force
21,236,2,1,14,0,14,0,7.0,9.899494937,0,0,0.0,0.0,59322.0339,12711.86441,118.0,89.09545443,181,55,236,236.0,0.0,236,236,0,0.0,0.0,0,0,1,0,0,0,64,20,8474.576271,4237.288136,0,14,7.0,8.082903769,65.33333333,0,1,0,0,1,0,0,0,0,9.333333333,7.0,0.0,64,0,0,0,0,0,0,2,14,1,0,229,0,0,32,0.0,0.0,0,0,0.0,0.0,0,0,Brute Force
22,81,1,1,0,0,0,0,0.0,0.0,0,0,0.0,0.0,0.0,24691.35802,81.0,0.0,81,81,0,0.0,0.0,0,0,0,0.0,0.0,0,0,0,0,0,0,32,32,12345.67901,12345.67901,0,0,0.0,0.0,0.0,0,0,0,0,1,1,0,0,1,0.0,0.0,0.0,32,0,0,0,0,0,0,1,0,1,0,259,247,0,32,0.0,0.0,0,0,0.0,0.0,0,0,Brute Force
22,84,1,1,0,0,0,0,0.0,0.0,0,0,0.0,0.0,0.0,23809.52381,84.0,0.0,84,84,0,0.0,0.0,0,0,0,0.0,0.0,0,0,0,0,0,0,32,32,11904.7619,11904.7619,0,0,0.0,0.0,0.0,0,0,0,0,1,1,0,0,1,0.0,0.0,0.0,32,0,0,0,0,0,0,1,0,1,0,259,247,0,32,0.0,0.0,0,0,0.0,0.0,0,0,Brute Force
21,8686177,9,15,102,188,22,0,11.33333333,8.94427191,34,0,12.53333333,14.54975045,33.3863793,2.763010701,377659.8696,980744.795,3056033,3,5763973,720496.625,1336825.061,3098799,251,8686117,620436.9286,1210604.111,3056033,3,0,0,0,0,296,488,1.036129013,1.726881688,0,34,11.6,12.50333289,156.3333333,0,0,0,1,0,0,0,0,1,12.08333333,11.33333333,12.53333333,296,0,0,0,0,0,0,9,102,15,188,29200,227,6,32,0.0,0.0,0,0,0.0,0.0,0,0,Brute Force
21,9444013,9,15,104,188,24,0,11.55555556,9.248122933,34,0,12.53333333,14.54975045,30.91905951,2.541292563,410609.2609,1066343.613,3270985,3,6247713,780964.125,1445025.99,3313532,242,9443913,674565.2143,1316270.348,3270985,3,0,0,0,0,296,488,0.952984711,1.588307852,0,34,11.68,12.57550529,158.1433333,0,0,0,1,0,0,0,0,1,12.16666667,11.55555556,12.53333333,296,0,0,0,0,0,0,9,104,15,188,29200,227,6,32,0.0,0.0,0,0,0.0,0.0,0,0,Brute Force
22,74,1,1,0,0,0,0,0.0,0.0,0,0,0.0,0.0,0.0,27027.02703,74.0,0.0,74,74,0,0.0,0.0,0,0,0,0.0,0.0,0,0,0,0,0,0,32,32,13513.51351,13513.51351,0,0,0.0,0.0,0.0,0,0,0,0,1,1,0,0,1,0.0,0.0,0.0,32,0,0,0,0,0,0,1,0,1,0,259,247,0,32,0.0,0.0,0,0,0.0,0.0,0,0,Brute Force
22,11250629,21,32,2008,2745,640,0,95.61904762,140.0451628,976,0,85.78125,220.240592,422.4652684,4.710847722,216358.25,582675.1805,2168224,3,9353787,467689.35,828619.2688,2216436,374,11300000,362921.9355,722698.6345,2168224,3,0,0,0,0,680,1032,1.866562305,2.844285417,0,976,88.01851852,189.5902723,35944.47135,0,0,0,1,0,0,0,0,1,89.67924528,95.61904762,85.78125,680,0,0,0,0,0,0,21,2008,32,2745,29200,247,16,32,0.0,0.0,0,0,0.0,0.0,0,0,Brute Force
21,7993257,9,15,103,188,22,0,11.44444444,9.043106644,34,0,12.53333333,14.54975045,36.40568544,3.002530758,347532.913,910783.039,3029968,3,5231957,653994.625,1233568.935,3074016,3,7993166,570940.4286,1125372.305,3029968,4,0,0,0,0,296,488,1.125949034,1.876581724,0,34,11.64,12.52623913,156.9066667,0,0,0,1,0,0,0,0,1,12.125,11.44444444,12.53333333,296,0,0,0,0,0,0,9,103,15,188,29200,227,6,32,0.0,0.0,0,0,0.0,0.0,0,0,Brute Force
22,72,1,1,0,0,0,0,0.0,0.0,0,0,0.0,0.0,0.0,27777.77778,72.0,0.0,72,72,0,0.0,0.0,0,0,0,0.0,0.0,0,0,0,0,0,0,32,32,13888.88889,13888.88889,0,0,0.0,0.0,0.0,0,0,0,0,1,1,0,0,1,0.0,0.0,0.0,32,0,0,0,0,0,0,1,0,1,0,259,247,0,32,0.0,0.0,0,0,0.0,0.0,0,0,Brute Force
22,72,1,1,0,0,0,0,0.0,0.0,0,0,0.0,0.0,0.0,27777.77778,72.0,0.0,72,72,0,0.0,0.0,0,0,0,0.0,0.0,0,0,0,0,0,0,32,32,13888.88889,13888.88889,0,0,0.0,0.0,0.0,0,0,0,0,1,1,0,0,1,0.0,0.0,0.0,32,0,0,0,0,0,0,1,0,1,0,259,247,0,32,0.0,0.0,0,0,0.0,0.0,0,0,Brute Force
21,243,2,1,14,0,14,0,7.0,9.899494937,0,0,0.0,0.0,57613.16872,12345.67901,121.5,89.80256121,185,58,243,243.0,0.0,243,243,0,0.0,0.0,0,0,1,0,0,0,64,20,8230.452675,4115.226337,0,14,7.0,8.082903769,65.33333333,0,1,0,0,1,0,0,0,0,9.333333333,7.0,0.0,64,0,0,0,0,0,0,2,14,1,0,229,0,0,32,0.0,0.0,0,0,0.0,0.0,0,0,Brute Force
22,11219234,21,32,2008,2745,640,0,95.61904762,140.0451628,976,0,85.78125,220.240592,423.6474611,4.724030179,215754.5,582177.5561,2150600,4,9797531,489876.55,861742.9159,2206485,597,11200000,361906.3548,722233.2518,2150600,4,0,0,0,0,680,1032,1.871785543,2.852244636,0,976,88.01851852,189.5902723,35944.47135,0,0,0,1,0,0,0,0,1,89.67924528,95.61904762,85.78125,680,0,0,0,0,0,0,21,2008,32,2745,29200,247,16,32,0.0,0.0,0,0,0.0,0.0,0,0,Brute Force
22,11165795,20,33,2008,2745,640,0,100.4,141.9141327,976,0,83.18181818,217.2857356,425.6750191,4.746639178,214726.8269,580932.1877,2260090,4,9449545,497344.4737,851942.846,2306948,967,11200000,348925.8125,712099.2822,2260090,4,0,0,0,0,648,1064,1.791184595,2.955454582,0,976,88.01851852,189.5902723,35944.47135,0,0,0,1,0,0,0,0,1,89.67924528,100.4,83.18181818,648,0,0,0,0,0,0,20,2008,33,2745,29200,247,16,32,0.0,0.0,0,0,0.0,0.0,0,0,Brute Force
21,8259360,9,15,105,188,22,0,11.66666667,9.300537619,34,0,12.53333333,14.54975045,35.47490362,2.905794154,359102.6087,929683.8271,3060529,3,5156977,644622.125,1178207.906,2687196,23,8259281,589948.6429,1147186.772,3060529,3,0,0,0,0,296,488,1.089672808,1.816121346,0,34,11.72,12.58808961,158.46,0,0,0,1,0,0,0,0,1,12.20833333,11.66666667,12.53333333,296,0,0,0,0,0,0,9,105,15,188,29200,227,6,32,0.0,0.0,0,0,0.0,0.0,0,0,Brute Force
22,11930364,20,33,2008,2745,640,0,100.4,141.9141327,976,0,83.18181818,217.2857356,398.3952208,4.442446182,229430.0769,636666.5864,2454973,4,9431495,496394.4737,869639.8801,2480070,648,11900000,372820.7813,782179.4751,2454973,4,0,0,0,0,648,1064,1.676394786,2.766051396,0,976,88.01851852,189.5902723,35944.47135,0,0,0,1,0,0,0,0,1,89.67924528,100.4,83.18181818,648,0,0,0,0,0,0,20,2008,33,2745,29200,247,16,32,0.0,0.0,0,0,0.0,0.0,0,0,Brute Force
21,226,2,1,14,0,14,0,7.0,9.899494937,0,0,0.0,0.0,61946.90265,13274.33628,113.0,59.39696962,155,71,226,226.0,0.0,226,226,0,0.0,0.0,0,0,1,0,0,0,64,20,8849.557522,4424.778761,0,14,7.0,8.082903769,65.33333333,0,1,0,0,1,0,0,0,0,9.333333333,7.0,0.0,64,0,0,0,0,0,0,2,14,1,0,229,0,0,32,0.0,0.0,0,0,0.0,0.0,0,0,Brute Force
21,246,2,1,14,0,14,0,7.0,9.899494937,0,0,0.0,0.0,56910.56911,12195.12195,123.0,98.99494937,193,53,246,246.0,0.0,246,246,0,0.0,0.0,0,0,1,0,0,0,64,20,8130.081301,4065.04065,0,14,7.0,8.082903769,65.33333333,0,1,0,0,1,0,0,0,0,9.333333333,7.0,0.0,64,0,0,0,0,0,0,2,14,1,0,229,0,0,32,0.0,0.0,0,0,0.0,0.0,0,0,Brute Force
21,8682779,9,15,110,188,26,0,12.22222222,10.02219759,34,0,12.53333333,14.54975045,34.32080904,2.764092003,377512.1304,981917.24,3039371,1,5600202,700025.25,1298994.848,3002912,3,8682694,620192.4286,1212265.318,3039371,1,0,0,0,0,296,488,1.036534501,1.727557502,0,34,11.92,12.77340988,163.16,0,0,0,1,0,0,0,0,1,12.41666667,12.22222222,12.53333333,296,0,0,0,0,0,0,9,110,15,188,29200,227,6,32,0.0,0.0,0,0,0.0,0.0,0,0,Brute Force
21,8159018,9,15,96,188,19,0,10.66666667,8.231038817,34,0,12.53333333,14.54975045,34.80811049,2.941530464,354739.913,919877.2002,2792674,3,5588963,698620.375,1292113.152,2835181,4,8158918,582779.8571,1135288.937,2792674,3,0,0,0,0,296,488,1.103073924,1.83845654,0,34,11.36,12.34868414,152.49,0,0,0,1,0,0,0,0,1,11.83333333,10.66666667,12.53333333,296,0,0,0,0,0,0,9,96,15,188,29200,227,6,32,0.0,0.0,0,0,0.0,0.0,0,0,Brute Force
80,55519,3,6,349,11595,349,0,116.3333333,201.4952439,2907,0,1932.5,1496.914126,215133.5579,162.1066662,6939.875,15446.98703,44218,33,10990,5495.0,6382.345807,10008,982,55477,11095.4,19107.03602,44218,37,0,0,0,0,104,200,54.0355554,108.0711108,0,2907,1194.4,1470.713523,2162998.267,0,0,0,1,0,0,0,0,2,1327.111111,116.3333333,1932.5,104,0,0,0,0,0,0,3,349,6,11595,29200,235,1,32,0.0,0.0,0,0,0.0,0.0,0,0,DoS Hulk
80,85090027,6,6,356,11595,338,0,59.33333333,136.5498688,10136,0,1932.5,4060.245892,140.4512423,0.141027103,7735457.0,25600000.0,84900000,3,84900000,17000000.0,38000000.0,84900000,3,85100000,17000000.0,37900000.0,84900000,63,0,0,0,0,164,200,0.070513551,0.070513551,0,10136,919.7692308,2798.095011,7829335.692,1,0,0,0,0,0,0,0,1,996.4166667,59.33333333,1932.5,164,0,0,0,0,0,0,6,356,6,11595,0,235,3,20,10968.0,0.0,10968,10968,84900000.0,0.0,84900000,84900000,DoS Hulk
80,1287,4,0,0,0,0,0,0.0,0.0,0,0,0.0,0.0,0.0,3108.003108,429.0,310.0387073,787,249,1287,429.0,310.0387073,787,249,0,0.0,0.0,0,0,0,0,0,0,128,0,3108.003108,0.0,0,0,0.0,0.0,0.0,0,0,0,0,1,0,0,0,0,0.0,0.0,0.0,128,0,0,0,0,0,0,4,0,0,0,251,-1,0,32,0.0,0.0,0,0,0.0,0.0,0,0,DoS Hulk
80,85512145,8,6,325,11595,319,0,40.625,112.5000794,4344,0,1932.5,1754.831473,139.395404,0.163719434,6577857.308,23700000.0,85300000,2,85300000,12200000.0,32200000.0,85300000,2,190539,38107.8,77430.86814,176198,49,0,0,0,0,252,200,0.093553962,0.070165472,0,4344,794.6666667,1425.128449,2030991.095,0,0,0,0,1,0,0,0,0,851.4285714,40.625,1932.5,252,0,0,0,0,0,0,8,325,6,11595,251,235,2,20,1936.0,0.0,1936,1936,85300000.0,0.0,85300000,85300000,DoS Hulk
80,103271602,10,8,2142,11595,355,0,214.2,181.7830208,5792,0,1449.375,2046.673464,133.0181747,0.174297674,6074800.118,24200000.0,99900000,46,103000000,11500000.0,33200000.0,99900000,46,103000000,14800000.0,37600000.0,99900000,48,0,0,0,0,304,264,0.096832041,0.077465633,0,5792,723.3157895,1432.622655,2052407.673,1,0,0,0,0,0,0,0,0,763.5,214.2,1449.375,304,0,0,0,0,0,0,10,2142,8,11595,0,235,7,20,9000.0,0.0,9000,9000,99900000.0,0.0,99900000,99900000,DoS Hulk
80,83419317,5,7,351,11595,339,0,70.2,150.2937124,8688,0,1656.428571,3174.60191,143.2042413,0.143851573,7583574.273,25100000.0,83300000,9,83400000,20800000.0,41700000.0,83300000,1992,83400000,13900000.0,34000000.0,83400000,44,0,0,0,0,144,232,0.059938156,0.083913418,0,8688,919.3846154,2394.462659,5733451.423,1,0,0,0,0,0,0,0,1,996.0,70.2,1656.428571,144,0,0,0,0,0,0,5,351,7,11595,0,235,2,20,10973.0,0.0,10973,10973,83300000.0,0.0,83300000,83300000,DoS Hulk
80,34748483,7,5,323,11595,323,0,46.14285714,122.0825248,7240,0,2319.0,3331.638186,342.9790014,0.345338817,3158953.0,10400000.0,34600000,1,34600000,5769003.167,14100000.0,34600000,1,149412,37353.0,64938.7353,134191,66,0,0,0,0,232,168,0.201447643,0.143891174,0,7240,916.7692308,2244.740711,5038860.859,0,0,0,0,1,0,0,0,0,993.1666667,46.14285714,2319.0,232,0,0,0,0,0,0,7,323,5,11595,274,235,1,32,991.0,0.0,991,991,34600000.0,0.0,34600000,34600000,DoS Hulk
80,85755665,8,6,358,11595,358,0,44.75,126.5721138,7240,0,1932.5,2695.639126,139.3843777,0.163254521,6596589.615,23700000.0,85600000,46,85600000,12200000.0,32400000.0,85600000,246,147429,29485.8,58761.43327,134130,64,0,0,0,0,264,200,0.093288298,0.069966223,0,7240,796.8666667,1877.363382,3524493.267,0,0,0,0,1,0,0,0,0,853.7857143,44.75,1932.5,264,0,0,0,0,0,0,8,358,6,11595,251,235,1,32,3494.0,0.0,3494,3494,85600000.0,0.0,85600000,85600000,DoS Hulk
80,84989263,8,4,375,11595,363,0,46.875,127.7625448,8688,0,2898.75,4095.56617,140.8413202,0.141194306,7726296.636,25600000.0,84800000,1,84900000,12100000.0,32100000.0,84800000,1,145550,48516.66667,72148.52123,131449,189,0,0,0,0,240,136,0.094129537,0.047064769,0,8688,920.7692308,2467.154675,6086852.192,0,0,0,0,1,0,0,0,0,997.5,46.875,2898.75,240,0,0,0,0,0,0,8,375,4,11595,251,235,3,20,3006.0,0.0,3006,3006,84800000.0,0.0,84800000,84800000,DoS Hulk
80,85910078,5,6,343,11595,331,0,68.6,146.7167339,7240,0,1932.5,3126.682571,138.9592499,0.128040857,8591007.8,27100000.0,85800000,6,85800000,21400000.0,42900000.0,85800000,6,85900000,17200000.0,38300000.0,85800000,85,0,0,0,0,144,200,0.058200389,0.069840467,0,7240,995.3333333,2325.930208,5409951.333,1,0,0,0,0,0,0,0,1,1085.818182,68.6,1932.5,144,0,0,0,0,0,0,5,343,6,11595,0,235,2,20,3001.0,0.0,3001,3001,85800000.0,0.0,85800000,85800000,DoS Hulk
80,55398,3,5,358,11595,358,0,119.3333333,206.6913964,7240,0,2319.0,3331.638186,215765.9121,144.4095455,7914.0,16847.74644,45197,4,9989,4994.5,7057.632783,9985,4,55348,13837.0,21417.61949,45197,46,0,0,0,0,104,168,54.15357955,90.25596592,0,7240,1328.111111,2634.893472,6942663.611,0,0,0,1,0,0,0,0,1,1494.125,119.3333333,2319.0,104,0,0,0,0,0,0,3,358,5,11595,29200,235,1,32,0.0,0.0,0,0,0.0,0.0,0,0,DoS Hulk
80,84526,3,6,312,11595,312,0,104.0,180.133284,4344,0,1932.5,1754.831473,140867.8986,106.4761139,10565.75,24839.32937,71206,49,12978,6489.0,7751.304535,11970,1008,84416,16883.2,30870.90172,71206,49,0,0,0,0,104,200,35.49203795,70.98407591,0,4344,1190.7,1623.582599,2636020.456,0,0,0,1,0,0,0,0,2,1323.0,104.0,1932.5,104,0,0,0,0,0,0,3,312,6,11595,29200,235,1,32,0.0,0.0,0,0,0.0,0.0,0,0,DoS Hulk
80,68533709,7,6,379,11595,373,0,54.14285714,140.6205634,7240,0,1932.5,2695.639126,174.7169411,0.189687676,5711142.417,19700000.0,68400000,1,68400000,11400000.0,27900000.0,68400000,1,177627,35525.4,67019.33579,154093,88,0,0,0,0,220,200,0.102139518,0.087548158,0,7240,855.2857143,1934.259207,3741358.681,0,0,0,0,1,0,0,0,0,921.0769231,54.14285714,1932.5,220,0,0,0,0,0,0,7,379,6,11595,251,235,2,20,2005.0,0.0,2005,2005,68400000.0,0.0,68400000,68400000,DoS Hulk
80,84208001,7,6,324,11595,324,0,46.28571429,122.4604893,4355,0,1932.5,2182.468304,141.5423696,0.15437963,7017333.417,24000000.0,83200000,1,84200000,14000000.0,33900000.0,83200000,1,1532,306.4,363.6279692,907,16,0,0,0,0,240,200,0.083127493,0.071252137,0,4355,851.3571429,1668.274724,2783140.555,0,0,0,0,1,0,0,0,0,916.8461538,46.28571429,1932.5,240,0,0,0,0,0,0,7,324,6,11595,251,235,1,32,2.0,0.0,2,2,83200000.0,0.0,83200000,83200000,DoS Hulk
80,84499521,9,6,357,11595,351,0,39.66666667,116.7668617,4355,0,1932.5,2182.468304,141.4445888,0.177515799,6035680.071,22300000.0,83500000,2,84500000,10600000.0,29500000.0,83500000,2,2695,539.0,879.3804637,2095,17,0,0,0,0,292,200,0.10650948,0.07100632,0,4355,747.0,1579.414871,2494551.333,0,0,0,0,1,0,0,0,0,796.8,39.66666667,1932.5,292,0,0,0,0,0,0,9,357,6,11595,251,235,2,20,978.0,0.0,978,978,83500000.0,0.0,83500000,83500000,DoS Hulk
80,98896763,8,5,426,11595,414,0,53.25,145.7902113,10147,0,2319.0,4420.67608,121.5509956,0.131450207,8241396.917,28500000.0,98900000,1,98900000,14100000.0,37400000.0,98900000,1,1983,495.75,720.3921964,1567,6,0,0,0,0,240,168,0.080892435,0.050557772,0,10147,858.6428571,2701.965598,7300618.093,0,0,0,0,1,0,0,0,0,924.6923077,53.25,2319.0,240,0,0,0,0,0,0,8,426,5,11595,251,235,3,20,2001.0,0.0,2001,2001,98900000.0,0.0,98900000,98900000,DoS Hulk
80,5,2,0,0,0,0,0,0.0,0.0,0,0,0.0,0.0,0.0,400000.0,5.0,0.0,5,5,5,5.0,0.0,5,5,0,0.0,0.0,0,0,0,0,0,0,64,0,400000.0,0.0,0,0,0.0,0.0,0.0,0,0,0,0,1,0,0,0,0,0.0,0.0,0.0,64,0,0,0,0,0,0,2,0,0,0,251,-1,0,32,0.0,0.0,0,0,0.0,0.0,0,0,DoS Hulk
80,83688308,6,8,335,11595,317,0,55.83333333,127.9787743,4344,0,1449.375,1894.680443,142.5527685,0.167287407,6437562.154,23200000.0,83500000,4,83500000,16700000.0,37400000.0,83500000,4,83700000,12000000.0,31600000.0,83500000,47,0,0,0,0,164,264,0.071694603,0.095592804,0,4344,795.7333333,1524.489632,2324068.638,1,0,0,0,0,0,0,0,1,852.5714286,55.83333333,1449.375,164,0,0,0,0,0,0,6,335,8,11595,0,235,3,20,11002.0,0.0,11002,11002,83500000.0,0.0,83500000,83500000,DoS Hulk
80,84150171,5,6,410,11595,398,0,82.0,176.6748426,5792,0,1932.5,2989.558881,142.6616233,0.130718689,8415017.1,26600000.0,84000000,49,84000000,21000000.0,42000000.0,84000000,994,84200000,16800000.0,37500000.0,84000000,66,0,0,0,0,144,200,0.059417586,0.071301103,0,5792,1000.916667,2240.761861,5021013.72,1,0,0,0,0,0,0,0,1,1091.909091,82.0,1932.5,144,0,0,0,0,0,0,5,410,6,11595,0,235,2,20,9032.0,0.0,9032,9032,84000000.0,0.0,84000000,84000000,DoS Hulk
80,1,2,0,0,0,0,0,0.0,0.0,0,0,0.0,0.0,0.0,2000000.0,1.0,0.0,1,1,1,1.0,0.0,1,1,0,0.0,0.0,0,0,0,0,0,0,64,0,2000000.0,0.0,0,0,0.0,0.0,0.0,0,0,0,0,1,0,0,0,0,0.0,0.0,0.0,64,0,0,0,0,0,0,2,0,0,0,274,-1,0,32,0.0,0.0,0,0,0.0,0.0,0,0,DoS Hulk
80,12936,2,2,12,0,6,6,6.0,0.0,0,0,0.0,0.0,927.6437848,309.2145949,4312.0,7299.978836,12741,37,195,195.0,0.0,195,195,12899,12899.0,0.0,12899,12899,0,0,0,0,40,64,154.6072975,154.6072975,0,6,3.6,3.286335345,10.8,1,0,0,0,0,0,0,0,1,4.5,6.0,0.0,40,0,0,0,0,0,0,2,12,2,0,0,235,1,20,0.0,0.0,0,0,0.0,0.0,0,0,DoS Hulk
80,97959045,6,7,302,11595,302,0,50.33333333,123.2909837,5792,0,1656.428571,1947.638216,121.4487136,0.132708521,8163253.75,28300000.0,97900000,16,98000000,19600000.0,43800000.0,97900000,197,12799,2133.166667,4862.890927,12058,42,0,0,0,0,200,232,0.061250087,0.071458434,0,5792,849.7857143,1567.638115,2457489.258,0,0,0,0,1,0,0,0,1,915.1538462,50.33333333,1656.428571,200,0,0,0,0,0,0,6,302,7,11595,251,235,1,32,463.0,0.0,463,463,97900000.0,0.0,97900000,97900000,DoS Hulk
80,85380050,6,6,310,11595,310,0,51.66666667,126.55697,5792,0,1932.5,2181.008184,139.4353833,0.140548055,7761822.727,25700000.0,85200000,3,85200000,17000000.0,38100000.0,85200000,3,147428,29485.6,59291.09074,135148,45,0,0,0,0,200,200,0.070274028,0.070274028,0,5792,915.7692308,1717.197045,2948765.692,0,0,0,0,1,0,0,0,1,992.0833333,51.66666667,1932.5,200,0,0,0,0,0,0,6,310,6,11595,274,235,1,32,1000.0,0.0,1000,1000,85200000.0,0.0,85200000,85200000,DoS Hulk
80,4,2,0,0,0,0,0,0.0,0.0,0,0,0.0,0.0,0.0,500000.0,4.0,0.0,4,4,4,4.0,0.0,4,4,0,0.0,0.0,0,0,0,0,0,0,64,0,500000.0,0.0,0,0,0.0,0.0,0.0,0,0,0,0,1,0,0,0,0,0.0,0.0,0.0,64,0,0,0,0,0,0,2,0,0,0,274,-1,0,32,0.0,0.0,0,0,0.0,0.0,0,0,DoS Hulk
80,84994186,5,7,347,11595,335,0,69.4,148.5052188,5792,0,1656.428571,2119.480114,140.5037281,0.141186128,7726744.182,25600000.0,84800000,4,84900000,21200000.0,42400000.0,84800000,4,85000000,14200000.0,34600000.0,84800000,50,0,0,0,0,144,232,0.058827553,0.082358575,0,5792,919.0769231,1714.902012,2940888.91,1,0,0,0,0,0,0,0,1,995.6666667,69.4,1656.428571,144,0,0,0,0,0,0,5,347,7,11595,0,235,2,20,10053.0,0.0,10053,10053,84800000.0,0.0,84800000,84800000,DoS Hulk
80,98436857,6,7,362,11595,344,0,60.33333333,138.998801,4344,0,1656.428571,1947.638216,121.4687299,0.132064355,8203071.417,28400000.0,98300000,1,98300000,19700000.0,43900000.0,98300000,1,98400000,16400000.0,40100000.0,98300000,88,0,0,0,0,164,232,0.060952779,0.071111576,0,4344,854.5,1565.546194,2450934.885,1,0,0,0,0,0,0,0,1,920.2307692,60.33333333,1656.428571,164,0,0,0,0,0,0,6,362,7,11595,0,235,3,20,12991.0,0.0,12991,12991,98300000.0,0.0,98300000,98300000,DoS Hulk
80,98313194,8,4,306,11595,306,0,38.25,108.1873375,8688,0,2898.75,4095.56617,121.0519109,0.122058897,8937563.091,29600000.0,98300000,1,98300000,14000000.0,37100000.0,98300000,1,40874,13624.66667,14857.24525,29581,189,0,0,0,0,264,136,0.081372598,0.040686299,0,8688,915.4615385,2468.648774,6094226.769,0,0,0,0,1,0,0,0,0,991.75,38.25,2898.75,264,0,0,0,0,0,0,8,306,4,11595,251,235,1,32,1018.0,0.0,1018,1018,98300000.0,0.0,98300000,98300000,DoS Hulk
80,98687795,6,6,298,11595,298,0,49.66666667,121.6579906,5792,0,1932.5,2179.547086,120.511356,0.121595583,8971617.727,29700000.0,98600000,4,98600000,19700000.0,44100000.0,98600000,4,84503,16900.6,31263.4047,72071,85,0,0,0,0,200,200,0.060797792,0.060797792,0,5792,914.8461538,1716.780021,2947333.641,0,0,0,0,1,0,0,0,1,991.0833333,49.66666667,1932.5,200,0,0,0,0,0,0,6,298,6,11595,274,235,1,32,955.0,0.0,955,955,98600000.0,0.0,98600000,98600000,DoS Hulk
80,97288155,6,6,337,11595,337,0,56.16666667,137.5796739,5792,0,1932.5,2537.820147,122.6459686,0.123344923,8844377.727,29300000.0,97300000,2,97300000,19500000.0,43500000.0,97300000,4,1428,285.6,457.0243976,1087,2,0,0,0,0,200,200,0.061672462,0.061672462,0,5792,917.8461538,1909.882669,3647651.808,0,0,0,0,1,0,0,0,1,994.3333333,56.16666667,1932.5,200,0,0,0,0,0,0,6,337,6,11595,274,235,1,32,983.0,0.0,983,983,97300000.0,0.0,97300000,97300000,DoS Hulk
80,84911122,6,7,381,11595,363,0,63.5,146.7538756,4344,0,1656.428571,1760.597234,141.0415941,0.153101263,7075926.833,24500000.0,84800000,2,84800000,17000000.0,37900000.0,84800000,2,84900000,14200000.0,34600000.0,84800000,49,0,0,0,0,164,232,0.070662121,0.082439141,0,4344,855.8571429,1459.228925,2129349.055,1,0,0,0,0,0,0,0,1,921.6923077,63.5,1656.428571,164,0,0,0,0,0,0,6,381,7,11595,0,235,3,20,7008.0,0.0,7008,7008,84800000.0,0.0,84800000,84800000,DoS Hulk
80,4,2,0,0,0,0,0,0.0,0.0,0,0,0.0,0.0,0.0,500000.0,4.0,0.0,4,4,4,4.0,0.0,4,4,0,0.0,0.0,0,0,0,0,0,0,64,0,500000.0,0.0,0,0,0.0,0.0,0.0,0,0,0,0,1,0,0,0,0,0.0,0.0,0.0,64,0,0,0,0,0,0,2,0,0,0,274,-1,0,32,0.0,0.0,0,0,0.0,0.0,0,0,DoS Hulk
80,938,2,0,0,0,0,0,0.0,0.0,0,0,0.0,0.0,0.0,2132.196162,938.0,0.0,938,938,938,938.0,0.0,938,938,0,0.0,0.0,0,0,0,0,0,0,64,0,2132.196162,0.0,0,0,0.0,0.0,0.0,0,0,0,0,1,0,0,0,0,0.0,0.0,0.0,64,0,0,0,0,0,0,2,0,0,0,251,-1,0,32,0.0,0.0,0,0,0.0,0.0,0,0,DoS Hulk
80,504,3,0,0,0,0,0,0.0,0.0,0,0,0.0,0.0,0.0,5952.380952,252.0,21.21320344,267,237,504,252.0,21.21320344,267,237,0,0.0,0.0,0,0,0,0,0,0,96,0,5952.380952,0.0,0,0,0.0,0.0,0.0,0,0,0,0,1,0,0,0,0,0.0,0.0,0.0,96,0,0,0,0,0,0,3,0,0,0,274,-1,0,32,0.0,0.0,0,0,0.0,0.0,0,0,DoS Hulk
80,98970156,8,4,406,11595,394,0,50.75,138.720428,8688,0,2898.75,4095.56617,121.2587762,0.121248672,8997286.909,29800000.0,98800000,0,98800000,14100000.0,37300000.0,98800000,0,149865,49955.0,76988.15726,138632,188,0,0,0,0,240,136,0.080832448,0.040416224,0,8688,923.1538462,2466.585557,6084044.308,0,0,0,0,1,0,0,0,0,1000.083333,50.75,2898.75,240,0,0,0,0,0,0,8,406,4,11595,251,235,3,20,2011.0,0.0,2011,2011,98800000.0,0.0,98800000,98800000,DoS Hulk
80,67391925,6,5,369,11595,369,0,61.5,150.6436192,5792,0,2319.0,3170.403917,177.5286876,0.163224303,6739192.5,21300000.0,67200000,1,67300000,13500000.0,30100000.0,67200000,1,153828,38457.0,68366.12591,140600,65,0,0,0,0,200,168,0.089031438,0.074192865,0,5792,997.0,2242.212827,5027518.364,0,0,0,0,1,0,0,0,0,1087.636364,61.5,2319.0,200,0,0,0,0,0,0,6,369,5,11595,251,235,1,32,5.0,0.0,5,5,67200000.0,0.0,67200000,67200000,DoS Hulk
80,8008,3,1,18,0,6,6,6.0,0.0,0,0,0.0,0.0,2247.752248,499.5004995,2669.333333,4611.298335,7994,3,8008,4004.0,5658.268463,8005,3,0,0.0,0.0,0,0,0,0,0,0,60,32,374.6253746,124.8751249,0,6,4.8,2.683281573,7.2,1,0,0,0,0,0,0,0,0,6.0,6.0,0.0,60,0,0,0,0,0,0,3,18,1,0,0,235,2,20,0.0,0.0,0,0,0.0,0.0,0,0,DoS Hulk
80,85240045,9,5,386,11595,380,0,42.88888889,126.4322392,10136,0,2319.0,4414.366206,140.5560028,0.164242053,6556926.538,23600000.0,85100000,1,85100000,10600000.0,30100000.0,85100000,1,133344,33336.0,56967.92066,118146,83,0,0,0,0,284,168,0.105584177,0.058657876,0,10136,798.7333333,2610.557315,6815009.495,0,0,0,0,1,0,0,0,0,855.7857143,42.88888889,2319.0,284,0,0,0,0,0,0,9,386,5,11595,251,235,2,20,2001.0,0.0,2001,2001,85100000.0,0.0,85100000,85100000,DoS Hulk
80,98634708,8,7,722,11595,349,0,90.25,159.7254341,5792,0,1656.428571,2120.732252,124.8749071,0.152076285,7045336.286,26300000.0,98300000,1,98500000,14100000.0,37100000.0,98300000,1,98600000,16400000.0,40100000.0,98300000,41,0,0,0,0,216,232,0.081107352,0.070968933,0,5792,770.1875,1569.375299,2462938.829,1,0,0,0,0,0,0,0,0,821.5333333,90.25,1656.428571,216,0,0,0,0,0,0,8,722,7,11595,0,235,5,20,13040.0,0.0,13040,13040,98300000.0,0.0,98300000,98300000,DoS Hulk
80,100186900,6,8,381,11595,363,0,63.5,146.7538756,5792,0,1449.375,2046.673464,119.5365861,0.139738828,7706684.615,27800000.0,100000000,11,100000000,20000000.0,44800000.0,100000000,1022,100000000,14300000.0,37800000.0,100000000,45,0,0,0,0,164,264,0.059888069,0.079850759,0,5792,798.8,1618.824538,2620592.886,1,0,0,0,0,0,0,0,1,855.8571429,63.5,1449.375,164,0,0,0,0,0,0,6,381,8,11595,0,235,3,20,11993.0,0.0,11993,11993,100000000.0,0.0,100000000,100000000,DoS Hulk
80,84298942,7,5,308,11595,308,0,44.0,116.4130577,7240,0,2319.0,3331.638186,141.1998741,0.142350541,7663540.182,25400000.0,84200000,1,84200000,14000000.0,34400000.0,84200000,1,145248,36312.0,63957.83907,131819,162,0,0,0,0,232,168,0.083037816,0.059312725,0,7240,915.6153846,2245.075186,5040362.59,0,0,0,0,1,0,0,0,0,991.9166667,44.0,2319.0,232,0,0,0,0,0,0,7,308,5,11595,251,235,1,32,3.0,0.0,3,3,84200000.0,0.0,84200000,84200000,DoS Hulk
80,16400054,5,5,586,11595,293,0,117.2,160.4827093,8688,0,2319.0,3774.237539,742.7414568,0.60975409,1822228.222,5335015.421,16000000,13,16300000,4065888.0,7988312.837,16000000,1037,352503,88125.75,106722.0442,216061,65,0,0,0,0,176,168,0.304877045,0.304877045,0,8688,1107.363636,2656.147258,7055118.255,0,0,0,1,0,0,0,0,1,1218.1,117.2,2319.0,176,0,0,0,0,0,0,5,586,5,11595,29200,235,2,32,0.0,0.0,0,0,16000000.0,0.0,16000000,16000000,DoS Hulk
80,16374927,5,6,698,11595,349,0,139.6,191.1551726,5792,0,1932.5,2181.008184,750.720904,0.67175872,1637492.7,5052761.07,16000000,4,16200000,4059846.0,7971610.651,16000000,4,358498,71699.6,102869.0231,223127,45,0,0,0,0,176,200,0.305344873,0.366413847,0,5792,1024.416667,1754.002408,3076524.447,0,0,0,1,0,0,0,0,1,1117.545455,139.6,1932.5,176,0,0,0,0,0,0,5,698,6,11595,29200,235,2,32,0.0,0.0,0,0,16000000.0,0.0,16000000,16000000,DoS Hulk
80,100263975,5,7,337,11595,325,0,67.4,144.0340238,7240,0,1656.428571,2566.885263,119.0058543,0.119684064,9114906.818,30200000.0,100000000,13,100000000,25000000.0,50000000.0,100000000,1025,100000000,16700000.0,40900000.0,100000000,138,0,0,0,0,144,232,0.04986836,0.069815704,0,7240,918.3076923,1997.55402,3990222.064,1,0,0,0,0,0,0,0,1,994.8333333,67.4,1656.428571,144,0,0,0,0,0,0,5,337,7,11595,0,235,2,20,10989.0,0.0,10989,10989,100000000.0,0.0,100000000,100000000,DoS Hulk
80,84765131,5,7,405,11595,393,0,81.0,174.4391011,5792,0,1656.428571,2120.732252,141.5676453,0.141567645,7705921.0,25500000.0,84600000,7,84600000,21200000.0,42300000.0,84600000,7,84800000,14100000.0,34500000.0,84600000,45,0,0,0,0,144,232,0.058986519,0.082581126,0,5792,923.5384615,1714.105093,2938156.269,1,0,0,0,0,0,0,0,1,1000.5,81.0,1656.428571,144,0,0,0,0,0,0,5,405,7,11595,0,235,2,20,11995.0,0.0,11995,11995,84600000.0,0.0,84600000,84600000,DoS Hulk
80,83935133,5,7,345,11595,333,0,69.0,147.6109752,4344,0,1656.428571,1760.597234,142.2527084,0.142967546,7630466.636,25300000.0,83800000,4,83800000,21000000.0,41900000.0,83800000,4,83900000,14000000.0,34200000.0,83800000,16,0,0,0,0,144,232,0.059569811,0.083397735,0,4344,918.9230769,1498.278093,2244837.244,1,0,0,0,0,0,0,0,1,995.5,69.0,1656.428571,144,0,0,0,0,0,0,5,345,7,11595,0,235,2,20,14013.0,0.0,14013,14013,83800000.0,0.0,83800000,83800000,DoS Hulk
80,4,2,0,0,0,0,0,0.0,0.0,0,0,0.0,0.0,0.0,500000.0,4.0,0.0,4,4,4,4.0,0.0,4,4,0,0.0,0.0,0,0,0,0,0,0,64,0,500000.0,0.0,0,0,0.0,0.0,0.0,0,0,0,0,1,0,0,0,0,0.0,0.0,0.0,64,0,0,0,0,0,0,2,0,0,0,274,-1,0,32,0.0,0.0,0,0,0.0,0.0,0,0,DoS Hulk
80,98692638,7,5,308,11595,308,0,44.0,116.4130577,10136,0,2319.0,4414.366206,120.606767,0.121589616,8972058.0,29700000.0,98700000,1,98700000,16400000.0,40300000.0,98700000,1,23295,5823.75,6609.261248,12184,45,0,0,0,0,232,168,0.070927276,0.05066234,0,10136,915.6153846,2799.279894,7835967.923,0,0,0,0,1,0,0,0,0,991.9166667,44.0,2319.0,232,0,0,0,0,0,0,7,308,5,11595,251,235,1,32,980.0,0.0,980,980,98700000.0,0.0,98700000,98700000,DoS Hulk
80,47,2,0,0,0,0,0,0.0,0.0,0,0,0.0,0.0,0.0,42553.19149,47.0,0.0,47,47,47,47.0,0.0,47,47,0,0.0,0.0,0,0,0,0,0,0,64,0,42553.19149,0.0,0,0,0.0,0.0,0.0,0,0,0,0,1,0,0,0,0,0.0,0.0,0.0,64,0,0,0,0,0,0,2,0,0,0,251,-1,0,32,0.0,0.0,0,0,0.0,0.0,0,0,DoS Hulk
80,101290776,9,7,927,11595,303,0,103.0,150.0224983,7240,0,1656.428571,2566.885263,123.6242874,0.157961076,6752718.4,25700000.0,99700000,4,101000000,12600000.0,35200000.0,99700000,4,101000000,16900000.0,41100000.0,101000000,91,0,0,0,0,268,232,0.088853105,0.069107971,0,7240,736.9411765,1763.924264,3111428.809,1,0,0,0,0,0,0,0,0,783.0,103.0,1656.428571,268,0,0,0,0,0,0,9,927,7,11595,0,235,5,20,11999.0,0.0,11999,11999,99700000.0,0.0,99700000,99700000,DoS Hulk
80,85403318,6,8,392,11595,374,0,65.33333333,151.2437327,5792,0,1449.375,2046.673464,140.3575444,0.163928057,6569486.0,23600000.0,85200000,1,85300000,17100000.0,38100000.0,85200000,1,85400000,12200000.0,32200000.0,85300000,49,0,0,0,0,164,264,0.070254882,0.093673176,0,5792,799.5333333,1618.615496,2619916.124,1,0,0,0,0,0,0,0,1,856.6428571,65.33333333,1449.375,164,0,0,0,0,0,0,6,392,8,11595,0,235,3,20,10013.0,0.0,10013,10013,85200000.0,0.0,85200000,85200000,DoS Hulk
80,4723,3,6,317,11595,317,0,105.6666667,183.0200353,5792,0,1932.5,2534.051598,2522125.768,1905.568495,590.375,1330.314671,3880,47,4209,2104.5,2730.139282,4035,174,4568,913.6,1805.186085,4141,47,0,0,0,0,104,200,635.1894982,1270.378996,0,5792,1191.2,2119.36415,4491704.4,0,0,0,1,0,0,0,0,2,1323.555556,105.6666667,1932.5,104,0,0,0,0,0,0,3,317,6,11595,29200,235,1,32,0.0,0.0,0,0,0.0,0.0,0,0,DoS Hulk
80,85778288,8,6,369,11595,369,0,46.125,130.4612011,4344,0,1932.5,1977.812908,139.4758543,0.163211464,6598329.846,23700000.0,85600000,1,85700000,12200000.0,32400000.0,85600000,1,139685,27937.0,54715.73235,125224,91,0,0,0,0,264,200,0.093263694,0.06994777,0,4344,797.6,1525.022988,2325695.114,0,0,0,0,1,0,0,0,0,854.5714286,46.125,1932.5,264,0,0,0,0,0,0,8,369,6,11595,274,235,1,32,1016.0,0.0,1016,1016,85600000.0,0.0,85600000,85600000,DoS Hulk
80,66996915,5,8,333,11595,321,0,66.6,142.2455623,4344,0,1449.375,1729.380148,178.0380485,0.194038785,5583076.25,19300000.0,66800000,4,66900000,16700000.0,33400000.0,66800000,4,67000000,9570965.857,25300000.0,66900000,49,0,0,0,0,144,264,0.074630302,0.119408483,0,4344,852.4285714,1458.952718,2128543.033,1,0,0,0,0,0,0,0,1,918.0,66.6,1449.375,144,0,0,0,0,0,0,5,333,8,11595,0,235,2,20,11995.0,0.0,11995,11995,66800000.0,0.0,66800000,66800000,DoS Hulk
80,98358994,6,8,389,11595,371,0,64.83333333,150.019221,5792,0,1449.375,2046.673464,121.8393917,0.142335738,7566076.462,27300000.0,98300000,1,98400000,19700000.0,44000000.0,98300000,1,98400000,14100000.0,37200000.0,98400000,45,0,0,0,0,164,264,0.061001031,0.081334707,0,5792,799.3333333,1618.672016,2620099.095,1,0,0,0,0,0,0,0,1,856.4285714,64.83333333,1449.375,164,0,0,0,0,0,0,6,389,8,11595,0,235,3,20,13023.0,0.0,13023,13023,98300000.0,0.0,98300000,98300000,DoS Hulk
80,84215160,6,7,345,11595,327,0,57.5,132.0602135,5792,0,1656.428571,2120.732252,141.7796986,0.154366506,7017930.0,24300000.0,84100000,1,84100000,16800000.0,37600000.0,84100000,1,84200000,14000000.0,34300000.0,84100000,47,0,0,0,0,164,232,0.07124608,0.083120426,0,5792,853.2857143,1666.526624,2777310.989,1,0,0,0,0,0,0,0,1,918.9230769,57.5,1656.428571,164,0,0,0,0,0,0,6,345,7,11595,0,235,3,20,10997.0,0.0,10997,10997,84100000.0,0.0,84100000,84100000,DoS Hulk
80,99185752,9,6,399,11595,399,0,44.33333333,133.0,4344,0,1932.5,1754.831473,120.9246264,0.151231399,7084696.571,26500000.0,99000000,1,99100000,12400000.0,35000000.0,99000000,1,144508,28901.6,56427.01355,129175,49,0,0,0,0,296,200,0.090738839,0.060492559,0,4344,749.625,1389.789043,1931513.583,0,0,0,0,1,0,0,0,0,799.6,44.33333333,1932.5,296,0,0,0,0,0,0,9,399,6,11595,251,235,1,32,1046.0,0.0,1046,1046,99000000.0,0.0,99000000,99000000,DoS Hulk
80,98692815,6,5,335,11595,335,0,55.83333333,136.7631773,5792,0,2319.0,2423.629716,120.8801269,0.111456949,9869281.5,31200000.0,98700000,1,98700000,19700000.0,44100000.0,98700000,1,24578,6144.5,6832.288709,12151,181,0,0,0,0,200,168,0.060794699,0.050662249,0,5792,994.1666667,1874.143336,3512413.242,0,0,0,0,1,0,0,0,0,1084.545455,55.83333333,2319.0,200,0,0,0,0,0,0,6,335,5,11595,274,235,1,32,2.0,0.0,2,2,98700000.0,0.0,98700000,98700000,DoS Hulk
80,100444671,7,7,388,11595,388,0,55.42857143,146.6502155,4344,0,1656.428571,1757.579003,119.2995097,0.139380217,7726513.154,27800000.0,100000000,1,100000000,16700000.0,40900000.0,100000000,3,213445,35574.16667,80365.65356,199227,1,0,0,0,0,232,232,0.069690108,0.069690108,0,4344,798.8666667,1422.234603,2022751.267,0,0,0,0,1,0,0,0,1,855.9285714,55.42857143,1656.428571,232,0,0,0,0,0,0,7,388,7,11595,251,235,1,32,1001.0,0.0,1001,1001,100000000.0,0.0,100000000,100000000,DoS Hulk
80,84994316,5,6,355,11595,343,0,71.0,152.0822146,7240,0,1932.5,2695.639126,140.5976371,0.129420419,8499431.6,26800000.0,84800000,3,84900000,21200000.0,42400000.0,84800000,3,140663,28132.6,55157.23707,126217,88,0,0,0,0,144,200,0.058827463,0.070592956,0,7240,996.3333333,2065.854097,4267753.152,1,0,0,0,0,0,0,0,1,1086.909091,71.0,1932.5,144,0,0,0,0,0,0,5,355,6,11595,0,235,2,20,10982.0,0.0,10982,10982,84800000.0,0.0,84800000,84800000,DoS Hulk
80,4,2,0,0,0,0,0,0.0,0.0,0,0,0.0,0.0,0.0,500000.0,4.0,0.0,4,4,4,4.0,0.0,4,4,0,0.0,0.0,0,0,0,0,0,0,64,0,500000.0,0.0,0,0,0.0,0.0,0.0,0,0,0,0,1,0,0,0,0,0.0,0.0,0.0,64,0,0,0,0,0,0,2,0,0,0,274,-1,0,32,0.0,0.0,0,0,0.0,0.0,0,0,DoS Hulk
34573,47,1,1,2,6,2,2,2.0,0.0,6,6,6.0,0.0,170212.766,42553.19149,47.0,0.0,47,47,0,0.0,0.0,0,0,0,0.0,0.0,0,0,0,0,0,0,24,20,21276.59574,21276.59574,2,6,3.333333333,2.309401077,5.333333333,0,0,0,1,0,0,0,0,1,5.0,2.0,6.0,24,0,0,0,0,0,0,1,2,1,6,1024,0,0,24,0.0,0.0,0,0,0.0,0.0,0,0,Port Scanning
1352,70,1,1,2,6,2,2,2.0,0.0,6,6,6.0,0.0,114285.7143,28571.42857,70.0,0.0,70,70,0,0.0,0.0,0,0,0,0.0,0.0,0,0,0,0,0,0,24,20,14285.71429,14285.71429,2,6,3.333333333,2.309401077,5.333333333,0,0,0,1,0,0,0,0,1,5.0,2.0,6.0,24,0,0,0,0,0,0,1,2,1,6,1024,0,0,24,0.0,0.0,0,0,0.0,0.0,0,0,Port Scanning
12174,75,1,1,2,6,2,2,2.0,0.0,6,6,6.0,0.0,106666.6667,26666.66667,75.0,0.0,75,75,0,0.0,0.0,0,0,0,0.0,0.0,0,0,0,0,0,0,24,20,13333.33333,13333.33333,2,6,3.333333333,2.309401077,5.333333333,0,0,0,1,0,0,0,0,1,5.0,2.0,6.0,24,0,0,0,0,0,0,1,2,1,6,1024,0,0,24,0.0,0.0,0,0,0.0,0.0,0,0,Port Scanning
990,48,1,1,2,6,2,2,2.0,0.0,6,6,6.0,0.0,166666.6667,41666.66667,48.0,0.0,48,48,0,0.0,0.0,0,0,0,0.0,0.0,0,0,0,0,0,0,24,20,20833.33333,20833.33333,2,6,3.333333333,2.309401077,5.333333333,0,0,0,1,0,0,0,0,1,5.0,2.0,6.0,24,0,0,0,0,0,0,1,2,1,6,1024,0,0,24,0.0,0.0,0,0,0.0,0.0,0,0,Port Scanning
1300,22,1,1,2,6,2,2,2.0,0.0,6,6,6.0,0.0,363636.3636,90909.09091,22.0,0.0,22,22,0,0.0,0.0,0,0,0,0.0,0.0,0,0,0,0,0,0,24,20,45454.54545,45454.54545,2,6,3.333333333,2.309401077,5.333333333,0,0,0,1,0,0,0,0,1,5.0,2.0,6.0,24,0,0,0,0,0,0,1,2,1,6,1024,0,0,24,0.0,0.0,0,0,0.0,0.0,0,0,Port Scanning
10629,49,1,1,2,6,2,2,2.0,0.0,6,6,6.0,0.0,163265.3061,40816.32653,49.0,0.0,49,49,0,0.0,0.0,0,0,0,0.0,0.0,0,0,0,0,0,0,24,20,20408.16327,20408.16327,2,6,3.333333333,2.309401077,5.333333333,0,0,0,1,0,0,0,0,1,5.0,2.0,6.0,24,0,0,0,0,0,0,1,2,1,6,1024,0,0,24,0.0,0.0,0,0,0.0,0.0,0,0,Port Scanning
57294,55,1,1,2,6,2,2,2.0,0.0,6,6,6.0,0.0,145454.5455,36363.63636,55.0,0.0,55,55,0,0.0,0.0,0,0,0,0.0,0.0,0,0,0,0,0,0,24,20,18181.81818,18181.81818,2,6,3.333333333,2.309401077,5.333333333,0,0,0,1,0,0,0,0,1,5.0,2.0,6.0,24,0,0,0,0,0,0,1,2,1,6,1024,0,0,24,0.0,0.0,0,0,0.0,0.0,0,0,Port Scanning
5033,16,1,1,2,6,2,2,2.0,0.0,6,6,6.0,0.0,500000.0,125000.0,16.0,0.0,16,16,0,0.0,0.0,0,0,0,0.0,0.0,0,0,0,0,0,0,24,20,62500.0,62500.0,2,6,3.333333333,2.309401077,5.333333333,0,0,0,1,0,0,0,0,1,5.0,2.0,6.0,24,0,0,0,0,0,0,1,2,1,6,1024,0,0,24,0.0,0.0,0,0,0.0,0.0,0,0,Port Scanning
4662,61,1,1,0,6,0,0,0.0,0.0,6,6,6.0,0.0,98360.65574,32786.88525,61.0,0.0,61,61,0,0.0,0.0,0,0,0,0.0,0.0,0,0,0,0,0,0,40,20,16393.44262,16393.44262,0,6,2.0,3.464101615,12.0,0,0,0,1,0,0,0,0,1,3.0,0.0,6.0,40,0,0,0,0,0,0,1,0,1,6,29200,0,0,40,0.0,0.0,0,0,0.0,0.0,0,0,Port Scanning
119,42,1,1,2,6,2,2,2.0,0.0,6,6,6.0,0.0,190476.1905,47619.04762,42.0,0.0,42,42,0,0.0,0.0,0,0,0,0.0,0.0,0,0,0,0,0,0,24,20,23809.52381,23809.52381,2,6,3.333333333,2.309401077,5.333333333,0,0,0,1,0,0,0,0,1,5.0,2.0,6.0,24,0,0,0,0,0,0,1,2,1,6,1024,0,0,24,0.0,0.0,0,0,0.0,0.0,0,0,Port Scanning
24800,12,1,1,2,6,2,2,2.0,0.0,6,6,6.0,0.0,666666.6667,166666.6667,12.0,0.0,12,12,0,0.0,0.0,0,0,0,0.0,0.0,0,0,0,0,0,0,24,20,83333.33333,83333.33333,2,6,3.333333333,2.309401077,5.333333333,0,0,0,1,0,0,0,0,1,5.0,2.0,6.0,24,0,0,0,0,0,0,1,2,1,6,1024,0,0,24,0.0,0.0,0,0,0.0,0.0,0,0,Port Scanning
7025,54,1,1,0,6,0,0,0.0,0.0,6,6,6.0,0.0,111111.1111,37037.03704,54.0,0.0,54,54,0,0.0,0.0,0,0,0,0.0,0.0,0,0,0,0,0,0,40,20,18518.51852,18518.51852,0,6,2.0,3.464101615,12.0,0,0,0,1,0,0,0,0,1,3.0,0.0,6.0,40,0,0,0,0,0,0,1,0,1,6,29200,0,0,40,0.0,0.0,0,0,0.0,0.0,0,0,Port Scanning
1108,76,1,1,2,6,2,2,2.0,0.0,6,6,6.0,0.0,105263.1579,26315.78947,76.0,0.0,76,76,0,0.0,0.0,0,0,0,0.0,0.0,0,0,0,0,0,0,24,20,13157.89474,13157.89474,2,6,3.333333333,2.309401077,5.333333333,0,0,0,1,0,0,0,0,1,5.0,2.0,6.0,24,0,0,0,0,0,0,1,2,1,6,1024,0,0,24,0.0,0.0,0,0,0.0,0.0,0,0,Port Scanning
3077,23,1,1,0,6,0,0,0.0,0.0,6,6,6.0,0.0,260869.5652,86956.52174,23.0,0.0,23,23,0,0.0,0.0,0,0,0,0.0,0.0,0,0,0,0,0,0,40,20,43478.26087,43478.26087,0,6,2.0,3.464101615,12.0,0,0,0,1,0,0,0,0,1,3.0,0.0,6.0,40,0,0,0,0,0,0,1,0,1,6,29200,0,0,40,0.0,0.0,0,0,0.0,0.0,0,0,Port Scanning
9535,62,1,1,2,6,2,2,2.0,0.0,6,6,6.0,0.0,129032.2581,32258.06452,62.0,0.0,62,62,0,0.0,0.0,0,0,0,0.0,0.0,0,0,0,0,0,0,24,20,16129.03226,16129.03226,2,6,3.333333333,2.309401077,5.333333333,0,0,0,1,0,0,0,0,1,5.0,2.0,6.0,24,0,0,0,0,0,0,1,2,1,6,1024,0,0,24,0.0,0.0,0,0,0.0,0.0,0,0,Port Scanning
2013,44,1,1,0,6,0,0,0.0,0.0,6,6,6.0,0.0,136363.6364,45454.54545,44.0,0.0,44,44,0,0.0,0.0,0,0,0,0.0,0.0,0,0,0,0,0,0,40,20,22727.27273,22727.27273,0,6,2.0,3.464101615,12.0,0,0,0,1,0,0,0,0,1,3.0,0.0,6.0,40,0,0,0,0,0,0,1,0,1,6,29200,0,0,40,0.0,0.0,0,0,0.0,0.0,0,0,Port Scanning
389,49,1,1,0,6,0,0,0.0,0.0,6,6,6.0,0.0,122448.9796,40816.32653,49.0,0.0,49,49,0,0.0,0.0,0,0,0,0.0,0.0,0,0,0,0,0,0,40,20,20408.16327,20408.16327,0,6,2.0,3.464101615,12.0,0,0,0,1,0,0,0,0,1,3.0,0.0,6.0,40,0,0,0,0,0,0,1,0,1,6,29200,0,0,40,0.0,0.0,0,0,0.0,0.0,0,0,Port Scanning
20221,44,1,1,2,6,2,2,2.0,0.0,6,6,6.0,0.0,181818.1818,45454.54545,44.0,0.0,44,44,0,0.0,0.0,0,0,0,0.0,0.0,0,0,0,0,0,0,24,20,22727.27273,22727.27273,2,6,3.333333333,2.309401077,5.333333333,0,0,0,1,0,0,0,0,1,5.0,2.0,6.0,24,0,0,0,0,0,0,1,2,1,6,1024,0,0,24,0.0,0.0,0,0,0.0,0.0,0,0,Port Scanning
2035,42,1,1,0,6,0,0,0.0,0.0,6,6,6.0,0.0,142857.1429,47619.04762,42.0,0.0,42,42,0,0.0,0.0,0,0,0,0.0,0.0,0,0,0,0,0,0,40,20,23809.52381,23809.52381,0,6,2.0,3.464101615,12.0,0,0,0,1,0,0,0,0,1,3.0,0.0,6.0,40,0,0,0,0,0,0,1,0,1,6,29200,0,0,40,0.0,0.0,0,0,0.0,0.0,0,0,Port Scanning
8085,41,1,1,0,6,0,0,0.0,0.0,6,6,6.0,0.0,146341.4634,48780.4878,41.0,0.0,41,41,0,0.0,0.0,0,0,0,0.0,0.0,0,0,0,0,0,0,40,20,24390.2439,24390.2439,0,6,2.0,3.464101615,12.0,0,0,0,1,0,0,0,0,1,3.0,0.0,6.0,40,0,0,0,0,0,0,1,0,1,6,29200,0,0,40,0.0,0.0,0,0,0.0,0.0,0,0,Port Scanning
5859,44,1,1,2,6,2,2,2.0,0.0,6,6,6.0,0.0,181818.1818,45454.54545,44.0,0.0,44,44,0,0.0,0.0,0,0,0,0.0,0.0,0,0,0,0,0,0,24,20,22727.27273,22727.27273,2,6,3.333333333,2.309401077,5.333333333,0,0,0,1,0,0,0,0,1,5.0,2.0,6.0,24,0,0,0,0,0,0,1,2,1,6,1024,0,0,24,0.0,0.0,0,0,0.0,0.0,0,0,Port Scanning
5269,55,1,1,0,6,0,0,0.0,0.0,6,6,6.0,0.0,109090.9091,36363.63636,55.0,0.0,55,55,0,0.0,0.0,0,0,0,0.0,0.0,0,0,0,0,0,0,40,20,18181.81818,18181.81818,0,6,2.0,3.464101615,12.0,0,0,0,1,0,0,0,0,1,3.0,0.0,6.0,40,0,0,0,0,0,0,1,0,1,6,29200,0,0,40,0.0,0.0,0,0,0.0,0.0,0,0,Port Scanning
1001,37,1,1,2,6,2,2,2.0,0.0,6,6,6.0,0.0,216216.2162,54054.05405,37.0,0.0,37,37,0,0.0,0.0,0,0,0,0.0,0.0,0,0,0,0,0,0,24,20,27027.02703,27027.02703,2,6,3.333333333,2.309401077,5.333333333,0,0,0,1,0,0,0,0,1,5.0,2.0,6.0,24,0,0,0,0,0,0,1,2,1,6,1024,0,0,24,0.0,0.0,0,0,0.0,0.0,0,0,Port Scanning
548,40,1,1,2,6,2,2,2.0,0.0,6,6,6.0,0.0,200000.0,50000.0,40.0,0.0,40,40,0,0.0,0.0,0,0,0,0.0,0.0,0,0,0,0,0,0,24,20,25000.0,25000.0,2,6,3.333333333,2.309401077,5.333333333,0,0,0,1,0,0,0,0,1,5.0,2.0,6.0,24,0,0,0,0,0,0,1,2,1,6,1024,0,0,24,0.0,0.0,0,0,0.0,0.0,0,0,Port Scanning
425,53,1,1,2,6,2,2,2.0,0.0,6,6,6.0,0.0,150943.3962,37735.84906,53.0,0.0,53,53,0,0.0,0.0,0,0,0,0.0,0.0,0,0,0,0,0,0,24,20,18867.92453,18867.92453,2,6,3.333333333,2.309401077,5.333333333,0,0,0,1,0,0,0,0,1,5.0,2.0,6.0,24,0,0,0,0,0,0,1,2,1,6,1024,0,0,24,0.0,0.0,0,0,0.0,0.0,0,0,Port Scanning
407,13,1,1,2,6,2,2,2.0,0.0,6,6,6.0,0.0,615384.6154,153846.1538,13.0,0.0,13,13,0,0.0,0.0,0,0,0,0.0,0.0,0,0,0,0,0,0,24,20,76923.07692,76923.07692,2,6,3.333333333,2.309401077,5.333333333,0,0,0,1,0,0,0,0,1,5.0,2.0,6.0,24,0,0,0,0,0,0,1,2,1,6,1024,0,0,24,0.0,0.0,0,0,0.0,0.0,0,0,Port Scanning
1111,19,1,1,0,6,0,0,0.0,0.0,6,6,6.0,0.0,315789.4737,105263.1579,19.0,0.0,19,19,0,0.0,0.0,0,0,0,0.0,0.0,0,0,0,0,0,0,40,20,52631.57895,52631.57895,0,6,2.0,3.464101615,12.0,0,0,0,1,0,0,0,0,1,3.0,0.0,6.0,40,0,0,0,0,0,0,1,0,1,6,29200,0,0,40,0.0,0.0,0,0,0.0,0.0,0,0,Port Scanning
53,53,1,1,2,6,2,2,2.0,0.0,6,6,6.0,0.0,150943.3962,37735.84906,53.0,0.0,53,53,0,0.0,0.0,0,0,0,0.0,0.0,0,0,0,0,0,0,24,20,18867.92453,18867.92453,2,6,3.333333333,2.309401077,5.333333333,0,0,0,1,0,0,0,0,1,5.0,2.0,6.0,24,0,0,0,0,0,0,1,2,1,6,1024,0,0,24,0.0,0.0,0,0,0.0,0.0,0,0,Port Scanning
1233,48,1,1,0,6,0,0,0.0,0.0,6,6,6.0,0.0,125000.0,41666.66667,48.0,0.0,48,48,0,0.0,0.0,0,0,0,0.0,0.0,0,0,0,0,0,0,40,20,20833.33333,20833.33333,0,6,2.0,3.464101615,12.0,0,0,0,1,0,0,0,0,1,3.0,0.0,6.0,40,0,0,0,0,0,0,1,0,1,6,29200,0,0,40,0.0,0.0,0,0,0.0,0.0,0,0,Port Scanning
995,32,1,1,2,6,2,2,2.0,0.0,6,6,6.0,0.0,250000.0,62500.0,32.0,0.0,32,32,0,0.0,0.0,0,0,0,0.0,0.0,0,0,0,0,0,0,24,20,31250.0,31250.0,2,6,3.333333333,2.309401077,5.333333333,0,0,0,1,0,0,0,0,1,5.0,2.0,6.0,24,0,0,0,0,0,0,1,2,1,6,1024,0,0,24,0.0,0.0,0,0,0.0,0.0,0,0,Port Scanning
5963,52,1,1,0,6,0,0,0.0,0.0,6,6,6.0,0.0,115384.6154,38461.53846,52.0,0.0,52,52,0,0.0,0.0,0,0,0,0.0,0.0,0,0,0,0,0,0,40,20,19230.76923,19230.76923,0,6,2.0,3.464101615,12.0,0,0,0,1,0,0,0,0,1,3.0,0.0,6.0,40,0,0,0,0,0,0,1,0,1,6,29200,0,0,40,0.0,0.0,0,0,0.0,0.0,0,0,Port Scanning
3211,49,1,1,2,6,2,2,2.0,0.0,6,6,6.0,0.0,163265.3061,40816.32653,49.0,0.0,49,49,0,0.0,0.0,0,0,0,0.0,0.0,0,0,0,0,0,0,24,20,20408.16327,20408.16327,2,6,3.333333333,2.309401077,5.333333333,0,0,0,1,0,0,0,0,1,5.0,2.0,6.0,24,0,0,0,0,0,0,1,2,1,6,1024,0,0,24,0.0,0.0,0,0,0.0,0.0,0,0,Port Scanning
9290,49,1,1,0,6,0,0,0.0,0.0,6,6,6.0,0.0,122448.9796,40816.32653,49.0,0.0,49,49,0,0.0,0.0,0,0,0,0.0,0.0,0,0,0,0,0,0,40,20,20408.16327,20408.16327,0,6,2.0,3.464101615,12.0,0,0,0,1,0,0,0,0,1,3.0,0.0,6.0,40,0,0,0,0,0,0,1,0,1,6,29200,0,0,40,0.0,0.0,0,0,0.0,0.0,0,0,Port Scanning
1001,43,1,1,2,6,2,2,2.0,0.0,6,6,6.0,0.0,186046.5116,46511.62791,43.0,0.0,43,43,0,0.0,0.0,0,0,0,0.0,0.0,0,0,0,0,0,0,24,20,23255.81395,23255.81395,2,6,3.333333333,2.309401077,5.333333333,0,0,0,1,0,0,0,0,1,5.0,2.0,6.0,24,0,0,0,0,0,0,1,2,1,6,1024,0,0,24,0.0,0.0,0,0,0.0,0.0,0,0,Port Scanning
4003,44,1,1,2,6,2,2,2.0,0.0,6,6,6.0,0.0,181818.1818,45454.54545,44.0,0.0,44,44,0,0.0,0.0,0,0,0,0.0,0.0,0,0,0,0,0,0,24,20,22727.27273,22727.27273,2,6,3.333333333,2.309401077,5.333333333,0,0,0,1,0,0,0,0,1,5.0,2.0,6.0,24,0,0,0,0,0,0,1,2,1,6,1024,0,0,24,0.0,0.0,0,0,0.0,0.0,0,0,Port Scanning
8192,44,1,1,0,6,0,0,0.0,0.0,6,6,6.0,0.0,136363.6364,45454.54545,44.0,0.0,44,44,0,0.0,0.0,0,0,0,0.0,0.0,0,0,0,0,0,0,40,20,22727.27273,22727.27273,0,6,2.0,3.464101615,12.0,0,0,0,1,0,0,0,0,1,3.0,0.0,6.0,40,0,0,0,0,0,0,1,0,1,6,29200,0,0,40,0.0,0.0,0,0,0.0,0.0,0,0,Port Scanning
1073,14,1,1,0,6,0,0,0.0,0.0,6,6,6.0,0.0,428571.4286,142857.1429,14.0,0.0,14,14,0,0.0,0.0,0,0,0,0.0,0.0,0,0,0,0,0,0,40,20,71428.57143,71428.57143,0,6,2.0,3.464101615,12.0,0,0,0,1,0,0,0,0,1,3.0,0.0,6.0,40,0,0,0,0,0,0,1,0,1,6,29200,0,0,40,0.0,0.0,0,0,0.0,0.0,0,0,Port Scanning
100,207,1,1,0,6,0,0,0.0,0.0,6,6,6.0,0.0,28985.50725,9661.835749,207.0,0.0,207,207,0,0.0,0.0,0,0,0,0.0,0.0,0,0,0,0,0,0,40,20,4830.917874,4830.917874,0,6,2.0,3.464101615,12.0,0,0,0,1,0,0,0,0,1,3.0,0.0,6.0,40,0,0,0,0,0,0,1,0,1,6,29200,0,0,40,0.0,0.0,0,0,0.0,0.0,0,0,Port Scanning
163,51,1,1,0,6,0,0,0.0,0.0,6,6,6.0,0.0,117647.0588,39215.68627,51.0,0.0,51,51,0,0.0,0.0,0,0,0,0.0,0.0,0,0,0,0,0,0,40,20,19607.84314,19607.84314,0,6,2.0,3.464101615,12.0,0,0,0,1,0,0,0,0,1,3.0,0.0,6.0,40,0,0,0,0,0,0,1,0,1,6,29200,0,0,40,0.0,0.0,0,0,0.0,0.0,0,0,Port Scanning
6059,41,1,1,0,6,0,0,0.0,0.0,6,6,6.0,0.0,146341.4634,48780.4878,41.0,0.0,41,41,0,0.0,0.0,0,0,0,0.0,0.0,0,0,0,0,0,0,40,20,24390.2439,24390.2439,0,6,2.0,3.464101615,12.0,0,0,0,1,0,0,0,0,1,3.0,0.0,6.0,40,0,0,0,0,0,0,1,0,1,6,29200,0,0,40,0.0,0.0,0,0,0.0,0.0,0,0,Port Scanning
15660,44,1,1,2,6,2,2,2.0,0.0,6,6,6.0,0.0,181818.1818,45454.54545,44.0,0.0,44,44,0,0.0,0.0,0,0,0,0.0,0.0,0,0,0,0,0,0,24,20,22727.27273,22727.27273,2,6,3.333333333,2.309401077,5.333333333,0,0,0,1,0,0,0,0,1,5.0,2.0,6.0,24,0,0,0,0,0,0,1,2,1,6,1024,0,0,24,0.0,0.0,0,0,0.0,0.0,0,0,Port Scanning
7106,43,1,1,2,6,2,2,2.0,0.0,6,6,6.0,0.0,186046.5116,46511.62791,43.0,0.0,43,43,0,0.0,0.0,0,0,0,0.0,0.0,0,0,0,0,0,0,24,20,23255.81395,23255.81395,2,6,3.333333333,2.309401077,5.333333333,0,0,0,1,0,0,0,0,1,5.0,2.0,6.0,24,0,0,0,0,0,0,1,2,1,6,1024,0,0,24,0.0,0.0,0,0,0.0,0.0,0,0,Port Scanning
22,665,3,1,0,0,0,0,0.0,0.0,0,0,0.0,0.0,0.0,6015.037594,221.6666667,301.7305641,567,9,665,332.5,457.4980874,656,9,0,0.0,0.0,0,0,0,0,0,0,104,40,4511.278195,1503.759398,0,0,0.0,0.0,0.0,0,0,0,1,0,0,0,0,0,0.0,0.0,0.0,104,0,0,0,0,0,0,3,0,1,0,29200,28960,0,32,0.0,0.0,0,0,0.0,0.0,0,0,Port Scanning
64680,52,1,1,0,6,0,0,0.0,0.0,6,6,6.0,0.0,115384.6154,38461.53846,52.0,0.0,52,52,0,0.0,0.0,0,0,0,0.0,0.0,0,0,0,0,0,0,40,20,19230.76923,19230.76923,0,6,2.0,3.464101615,12.0,0,0,0,1,0,0,0,0,1,3.0,0.0,6.0,40,0,0,0,0,0,0,1,0,1,6,29200,0,0,40,0.0,0.0,0,0,0.0,0.0,0,0,Port Scanning
2200,77,1,1,0,6,0,0,0.0,0.0,6,6,6.0,0.0,77922.07792,25974.02597,77.0,0.0,77,77,0,0.0,0.0,0,0,0,0.0,0.0,0,0,0,0,0,0,40,20,12987.01299,12987.01299,0,6,2.0,3.464101615,12.0,0,0,0,1,0,0,0,0,1,3.0,0.0,6.0,40,0,0,0,0,0,0,1,0,1,6,29200,0,0,40,0.0,0.0,0,0,0.0,0.0,0,0,Port Scanning
8085,43,1,1,0,6,0,0,0.0,0.0,6,6,6.0,0.0,139534.8837,46511.62791,43.0,0.0,43,43,0,0.0,0.0,0,0,0,0.0,0.0,0,0,0,0,0,0,40,20,23255.81395,23255.81395,0,6,2.0,3.464101615,12.0,0,0,0,1,0,0,0,0,1,3.0,0.0,6.0,40,0,0,0,0,0,0,1,0,1,6,29200,0,0,40,0.0,0.0,0,0,0.0,0.0,0,0,Port Scanning
1839,43,1,1,0,6,0,0,0.0,0.0,6,6,6.0,0.0,139534.8837,46511.62791,43.0,0.0,43,43,0,0.0,0.0,0,0,0,0.0,0.0,0,0,0,0,0,0,40,20,23255.81395,23255.81395,0,6,2.0,3.464101615,12.0,0,0,0,1,0,0,0,0,1,3.0,0.0,6.0,40,0,0,0,0,0,0,1,0,1,6,29200,0,0,40,0.0,0.0,0,0,0.0,0.0,0,0,Port Scanning
18101,43,1,1,0,6,0,0,0.0,0.0,6,6,6.0,0.0,139534.8837,46511.62791,43.0,0.0,43,43,0,0.0,0.0,0,0,0,0.0,0.0,0,0,0,0,0,0,40,20,23255.81395,23255.81395,0,6,2.0,3.464101615,12.0,0,0,0,1,0,0,0,0,1,3.0,0.0,6.0,40,0,0,0,0,0,0,1,0,1,6,29200,0,0,40,0.0,0.0,0,0,0.0,0.0,0,0,Port Scanning
765,63,1,1,2,6,2,2,2.0,0.0,6,6,6.0,0.0,126984.127,31746.03175,63.0,0.0,63,63,0,0.0,0.0,0,0,0,0.0,0.0,0,0,0,0,0,0,24,20,15873.01587,15873.01587,2,6,3.333333333,2.309401077,5.333333333,0,0,0,1,0,0,0,0,1,5.0,2.0,6.0,24,0,0,0,0,0,0,1,2,1,6,1024,0,0,24,0.0,0.0,0,0,0.0,0.0,0,0,Port Scanning
1022,75,1,1,2,6,2,2,2.0,0.0,6,6,6.0,0.0,106666.6667,26666.66667,75.0,0.0,75,75,0,0.0,0.0,0,0,0,0.0,0.0,0,0,0,0,0,0,24,20,13333.33333,13333.33333,2,6,3.333333333,2.309401077,5.333333333,0,0,0,1,0,0,0,0,1,5.0,2.0,6.0,24,0,0,0,0,0,0,1,2,1,6,1024,0,0,24,0.0,0.0,0,0,0.0,0.0,0,0,Port Scanning
2042,54,1,1,2,6,2,2,2.0,0.0,6,6,6.0,0.0,148148.1481,37037.03704,54.0,0.0,54,54,0,0.0,0.0,0,0,0,0.0,0.0,0,0,0,0,0,0,24,20,18518.51852,18518.51852,2,6,3.333333333,2.309401077,5.333333333,0,0,0,1,0,0,0,0,1,5.0,2.0,6.0,24,0,0,0,0,0,0,1,2,1,6,1024,0,0,24,0.0,0.0,0,0,0.0,0.0,0,0,Port Scanning
65389,37,1,1,2,6,2,2,2.0,0.0,6,6,6.0,0.0,216216.2162,54054.05405,37.0,0.0,37,37,0,0.0,0.0,0,0,0,0.0,0.0,0,0,0,0,0,0,24,20,27027.02703,27027.02703,2,6,3.333333333,2.309401077,5.333333333,0,0,0,1,0,0,0,0,1,5.0,2.0,6.0,24,0,0,0,0,0,0,1,2,1,6,1024,0,0,24,0.0,0.0,0,0,0.0,0.0,0,0,Port Scanning
18988,68,1,1,2,6,2,2,2.0,0.0,6,6,6.0,0.0,117647.0588,29411.76471,68.0,0.0,68,68,0,0.0,0.0,0,0,0,0.0,0.0,0,0,0,0,0,0,24,20,14705.88235,14705.88235,2,6,3.333333333,2.309401077,5.333333333,0,0,0,1,0,0,0,0,1,5.0,2.0,6.0,24,0,0,0,0,0,0,1,2,1,6,1024,0,0,24,0.0,0.0,0,0,0.0,0.0,0,0,Port Scanning
24800,54,1,1,2,6,2,2,2.0,0.0,6,6,6.0,0.0,148148.1481,37037.03704,54.0,0.0,54,54,0,0.0,0.0,0,0,0,0.0,0.0,0,0,0,0,0,0,24,20,18518.51852,18518.51852,2,6,3.333333333,2.309401077,5.333333333,0,0,0,1,0,0,0,0,1,5.0,2.0,6.0,24,0,0,0,0,0,0,1,2,1,6,1024,0,0,24,0.0,0.0,0,0,0.0,0.0,0,0,Port Scanning
9900,54,1,1,2,6,2,2,2.0,0.0,6,6,6.0,0.0,148148.1481,37037.03704,54.0,0.0,54,54,0,0.0,0.0,0,0,0,0.0,0.0,0,0,0,0,0,0,24,20,18518.51852,18518.51852,2,6,3.333333333,2.309401077,5.333333333,0,0,0,1,0,0,0,0,1,5.0,2.0,6.0,24,0,0,0,0,0,0,1,2,1,6,1024,0,0,24,0.0,0.0,0,0,0.0,0.0,0,0,Port Scanning
1056,42,1,1,0,6,0,0,0.0,0.0,6,6,6.0,0.0,142857.1429,47619.04762,42.0,0.0,42,42,0,0.0,0.0,0,0,0,0.0,0.0,0,0,0,0,0,0,40,20,23809.52381,23809.52381,0,6,2.0,3.464101615,12.0,0,0,0,1,0,0,0,0,1,3.0,0.0,6.0,40,0,0,0,0,0,0,1,0,1,6,29200,0,0,40,0.0,0.0,0,0,0.0,0.0,0,0,Port Scanning
2100,38,1,1,0,6,0,0,0.0,0.0,6,6,6.0,0.0,157894.7368,52631.57895,38.0,0.0,38,38,0,0.0,0.0,0,0,0,0.0,0.0,0,0,0,0,0,0,40,20,26315.78947,26315.78947,0,6,2.0,3.464101615,12.0,0,0,0,1,0,0,0,0,1,3.0,0.0,6.0,40,0,0,0,0,0,0,1,0,1,6,29200,0,0,40,0.0,0.0,0,0,0.0,0.0,0,0,Port Scanning
2260,48,1,1,2,6,2,2,2.0,0.0,6,6,6.0,0.0,166666.6667,41666.66667,48.0,0.0,48,48,0,0.0,0.0,0,0,0,0.0,0.0,0,0,0,0,0,0,24,20,20833.33333,20833.33333,2,6,3.333333333,2.309401077,5.333333333,0,0,0,1,0,0,0,0,1,5.0,2.0,6.0,24,0,0,0,0,0,0,1,2,1,6,1024,0,0,24,0.0,0.0,0,0,0.0,0.0,0,0,Port Scanning
2068,74,1,1,2,6,2,2,2.0,0.0,6,6,6.0,0.0,108108.1081,27027.02703,74.0,0.0,74,74,0,0.0,0.0,0,0,0,0.0,0.0,0,0,0,0,0,0,24,20,13513.51351,13513.51351,2,6,3.333333333,2.309401077,5.333333333,0,0,0,1,0,0,0,0,1,5.0,2.0,6.0,24,0,0,0,0,0,0,1,2,1,6,1024,0,0,24,0.0,0.0,0,0,0.0,0.0,0,0,Port Scanning
993,39,1,1,2,6,2,2,2.0,0.0,6,6,6.0,0.0,205128.2051,51282.05128,39.0,0.0,39,39,0,0.0,0.0,0,0,0,0.0,0.0,0,0,0,0,0,0,24,20,25641.02564,25641.02564,2,6,3.333333333,2.309401077,5.333333333,0,0,0,1,0,0,0,0,1,5.0,2.0,6.0,24,0,0,0,0,0,0,1,2,1,6,1024,0,0,24,0.0,0.0,0,0,0.0,0.0,0,0,Port Scanning
80,300034,5,0,30,0,6,6,6.0,0.0,0,0,0.0,0.0,99.98866795,16.66477799,75008.5,147355.1172,296033,1,300034,75008.5,147355.1172,296033,1,0,0.0,0.0,0,0,0,0,0,0,100,0,16.66477799,0.0,6,6,6.0,0.0,0.0,0,0,0,0,1,0,0,0,0,7.2,6.0,0.0,100,0,0,0,0,0,0,5,30,0,0,256,-1,4,20,0.0,0.0,0,0,0.0,0.0,0,0,Volumetric DDoS
80,8076283,8,4,56,11607,20,0,7.0,5.656854249,11595,0,2901.75,5795.50069,1444.104918,1.485832034,734207.5455,1898879.925,6214030,3,6239787,891398.1429,2347075.015,6214030,3,1837229,612409.6667,1060018.923,1836414,6,0,0,0,0,172,92,0.99055469,0.495277345,0,11595,897.6153846,3214.167532,10300000.0,0,0,0,0,1,0,0,0,0,972.4166667,7.0,2901.75,172,0,0,0,0,0,0,8,56,4,11607,256,229,6,20,24977.0,0.0,24977,24977,6214030.0,0.0,6214030,6214030,Volumetric DDoS
80,8475062,6,0,36,0,6,6,6.0,0.0,0,0,0.0,0.0,4.247756536,0.707959423,1695012.4,3789446.872,8473781,1,8475062,1695012.4,3789446.872,8473781,1,0,0.0,0.0,0,0,0,0,0,0,120,0,0.707959423,0.0,6,6,6.0,0.0,0.0,0,0,0,0,1,0,0,0,0,7.0,6.0,0.0,120,0,0,0,0,0,0,6,36,0,0,256,-1,5,20,1281.0,0.0,1281,1281,8473781.0,0.0,8473781,8473781,Volumetric DDoS
80,4369905,4,0,24,0,6,6,6.0,0.0,0,0,0.0,0.0,5.49211024,0.915351707,1456635.0,2522010.662,4368802,1,4369905,1456635.0,2522010.662,4368802,1,0,0.0,0.0,0,0,0,0,0,0,80,0,0.915351707,0.0,6,6,6.0,0.0,0.0,0,0,0,0,1,0,0,0,0,7.5,6.0,0.0,80,0,0,0,0,0,0,4,24,0,0,256,-1,3,20,0.0,0.0,0,0,0.0,0.0,0,0,Volumetric DDoS
80,78815309,8,4,56,11601,20,0,7.0,5.656854249,8760,0,2900.25,4128.319301,147.902738,0.152254684,7165028.091,20100000.0,67200000,60,77100000,11000000.0,25100000.0,67200000,243,1741783,580594.3333,985658.0975,1718661,377,0,0,0,0,172,92,0.101503123,0.050751561,0,8760,897.1538462,2488.507044,6192667.308,0,0,0,0,1,0,0,0,0,971.9166667,7.0,2900.25,172,0,0,0,0,0,0,8,56,4,11601,256,229,6,20,1880.0,0.0,1880,1880,38500000.0,40600000.0,67200000,9838476,Volumetric DDoS
80,4588876,5,0,30,0,6,6,6.0,0.0,0,0,0.0,0.0,6.537548628,1.089591438,1147219.0,2293130.046,4586914,4,4588876,1147219.0,2293130.046,4586914,4,0,0.0,0.0,0,0,0,0,0,0,100,0,1.089591438,0.0,6,6,6.0,0.0,0.0,0,0,0,0,1,0,0,0,0,7.2,6.0,0.0,100,0,0,0,0,0,0,5,30,0,0,256,-1,4,20,0.0,0.0,0,0,0.0,0.0,0,0,Volumetric DDoS
80,98200159,9,6,62,11601,20,0,6.888888889,5.30199124,4380,0,1933.5,1757.789948,118.7676285,0.152749244,7014297.071,24400000.0,91700000,3,97600000,12200000.0,32200000.0,91700000,3,605720,121144.0,258716.4793,583644,18,0,0,0,0,192,132,0.091649546,0.061099697,0,4380,729.3125,1399.285566,1958000.096,0,0,0,0,1,0,0,0,0,777.9333333,6.888888889,1933.5,192,0,0,0,0,0,0,9,62,6,11601,256,229,7,20,2016.0,0.0,2016,2016,48800000.0,60600000.0,91700000,5933832,Volumetric DDoS
80,78531497,8,5,56,11607,20,0,7.0,5.656854249,10135,0,2321.4,4413.201989,148.5136594,0.165538676,6544291.417,22600000.0,78300000,4,78400000,11200000.0,29600000.0,78300000,4,98661,24665.25,48170.10142,96915,163,0,0,0,0,172,112,0.101869954,0.063668721,0,10135,833.5,2705.044255,7317264.423,0,0,0,0,1,0,0,0,0,897.6153846,7.0,2321.4,172,0,0,0,0,0,0,8,56,5,11607,256,229,6,20,145413.0,0.0,145413,145413,78300000.0,0.0,78300000,78300000,Volumetric DDoS
80,62620,3,4,26,11601,20,0,8.666666667,10.26320288,7215,0,2900.25,3540.00286,185675.503,111.7853721,10436.66667,16861.6956,39946,52,40516,20258.0,28050.92601,40093,423,62473,20824.33333,20151.18442,40421,161,0,0,0,0,72,92,47.90801661,63.87735548,0,7215,1453.375,2786.259804,7763243.696,0,0,0,1,0,0,0,0,1,1661.0,8.666666667,2900.25,72,0,0,0,0,0,0,3,26,4,11601,8192,229,2,20,0.0,0.0,0,0,0.0,0.0,0,0,Volumetric DDoS
80,6130840,5,0,30,0,6,6,6.0,0.0,0,0,0.0,0.0,4.893293578,0.81554893,1532710.0,3063067.509,6127311,0,6130840,1532710.0,3063067.509,6127311,0,0,0.0,0.0,0,0,0,0,0,0,100,0,0.81554893,0.0,6,6,6.0,0.0,0.0,0,0,0,0,1,0,0,0,0,7.2,6.0,0.0,100,0,0,0,0,0,0,5,30,0,0,256,-1,4,20,3529.0,0.0,3529,3529,6127311.0,0.0,6127311,6127311,Volumetric DDoS
80,30170,3,5,26,11607,20,0,8.666666667,10.26320288,10135,0,2321.4,4413.201989,385581.7037,265.1640703,4310.0,10937.01559,29107,5,835,417.5,521.1376977,786,49,30080,7520.0,14395.49082,29107,5,0,0,0,0,72,112,99.43652635,165.7275439,0,10135,1292.555556,3350.634907,11200000.0,0,0,0,1,0,0,0,0,1,1454.125,8.666666667,2321.4,72,0,0,0,0,0,0,3,26,5,11607,8192,229,2,20,0.0,0.0,0,0,0.0,0.0,0,0,Volumetric DDoS
80,47230,3,6,26,11601,20,0,8.666666667,10.26320288,5840,0,1933.5,2189.772933,246178.2765,190.5568495,5903.75,13818.91548,39590,48,7156,3578.0,4815.39718,6983,173,47182,9436.4,17142.04233,39590,52,0,0,0,0,72,132,63.51894982,127.0378996,0,5840,1162.7,1911.59573,3654198.233,0,0,0,1,0,0,0,0,2,1291.888889,8.666666667,1933.5,72,0,0,0,0,0,0,3,26,6,11601,8192,229,2,20,0.0,0.0,0,0,0.0,0.0,0,0,Volumetric DDoS
80,2002978,5,0,30,0,6,6,6.0,0.0,0,0,0.0,0.0,14.97769821,2.496283035,500744.5,999484.6655,1999971,3,2002978,500744.5,999484.6655,1999971,3,0,0.0,0.0,0,0,0,0,0,0,100,0,2.496283035,0.0,6,6,6.0,0.0,0.0,0,0,0,0,1,0,0,0,0,7.2,6.0,0.0,100,0,0,0,0,0,0,5,30,0,0,256,-1,4,20,0.0,0.0,0,0,0.0,0.0,0,0,Volumetric DDoS
80,97722725,8,5,56,11607,20,0,7.0,5.656854249,7215,0,2321.4,3327.769794,119.3478794,0.133029446,8143560.417,26500000.0,92000000,1,96400000,13800000.0,34600000.0,92000000,1,1373171,343292.75,686009.5945,1372307,4,0,0,0,0,172,112,0.081864275,0.051165172,0,7215,833.5,2175.302587,4731941.346,0,0,0,0,1,0,0,0,0,897.6153846,7.0,2321.4,172,0,0,0,0,0,0,8,56,5,11607,256,229,6,20,4310921.0,0.0,4310921,4310921,92000000.0,0.0,92000000,92000000,Volumetric DDoS
80,33269,3,4,26,11601,20,0,8.666666667,10.26320288,8760,0,2900.25,4128.319301,349484.5051,210.4060837,5544.833333,10671.5374,26809,3,6012,3006.0,4246.883328,6009,3,33180,11060.0,13964.32107,26809,189,0,0,0,0,72,92,90.17403589,120.2320479,0,8760,1453.375,3113.952607,9696700.839,0,0,0,1,0,0,0,0,1,1661.0,8.666666667,2900.25,72,0,0,0,0,0,0,3,26,4,11601,8192,229,2,20,0.0,0.0,0,0,0.0,0.0,0,0,Volumetric DDoS
80,34047,3,5,26,11607,20,0,8.666666667,10.26320288,8760,0,2321.4,3802.315321,341674.7437,234.9693071,4863.857143,12431.05677,33052,2,727,363.5,311.8340905,584,143,34002,8500.5,16372.1814,33052,2,0,0,0,0,72,112,88.11349018,146.855817,0,8760,1292.555556,2952.520834,8717379.278,0,0,0,1,0,0,0,0,1,1454.125,8.666666667,2321.4,72,0,0,0,0,0,0,3,26,5,11607,8192,229,2,20,0.0,0.0,0,0,0.0,0.0,0,0,Volumetric DDoS
80,9781544,5,0,30,0,6,6,6.0,0.0,0,0,0.0,0.0,3.067000465,0.511166744,2445386.0,4889433.346,9779536,186,9781544,2445386.0,4889433.346,9779536,186,0,0.0,0.0,0,0,0,0,0,0,100,0,0.511166744,0.0,6,6,6.0,0.0,0.0,0,0,0,0,1,0,0,0,0,7.2,6.0,0.0,100,0,0,0,0,0,0,5,30,0,0,256,-1,4,20,2008.0,0.0,2008,2008,9779536.0,0.0,9779536,9779536,Volumetric DDoS
80,2120956,5,0,30,0,6,6,6.0,0.0,0,0,0.0,0.0,14.144565,2.3574275,530239.0,1059150.103,2118964,3,2120956,530239.0,1059150.103,2118964,3,0,0.0,0.0,0,0,0,0,0,0,100,0,2.3574275,0.0,6,6,6.0,0.0,0.0,0,0,0,0,1,0,0,0,0,7.2,6.0,0.0,100,0,0,0,0,0,0,5,30,0,0,256,-1,4,20,0.0,0.0,0,0,0.0,0.0,0,0,Volumetric DDoS
80,5727932,5,0,30,0,6,6,6.0,0.0,0,0,0.0,0.0,5.237492345,0.872915391,1431983.0,2860597.657,5722878,1,5727932,1431983.0,2860597.657,5722878,1,0,0.0,0.0,0,0,0,0,0,0,100,0,0.872915391,0.0,6,6,6.0,0.0,0.0,0,0,0,0,1,0,0,0,0,7.2,6.0,0.0,100,0,0,0,0,0,0,5,30,0,0,256,-1,4,20,5054.0,0.0,5054,5054,5722878.0,0.0,5722878,5722878,Volumetric DDoS
80,3101875,4,0,24,0,6,6,6.0,0.0,0,0,0.0,0.0,7.737255692,1.289542615,1033958.333,1790308.049,3101228,246,3101875,1033958.333,1790308.049,3101228,246,0,0.0,0.0,0,0,0,0,0,0,80,0,1.289542615,0.0,6,6,6.0,0.0,0.0,0,0,0,0,1,0,0,0,0,7.5,6.0,0.0,80,0,0,0,0,0,0,4,24,0,0,256,-1,3,20,0.0,0.0,0,0,0.0,0.0,0,0,Volumetric DDoS
80,7977033,8,6,56,11601,20,0,7.0,5.656854249,5755,0,1933.5,2166.985348,1461.320268,1.755038496,613617.9231,1709790.331,6028683,3,7946246,1135178.0,2271347.524,6028683,3,41091,8218.2,13214.79367,30477,13,0,0,0,0,172,132,1.002879141,0.752159355,0,5755,777.5333333,1622.210611,2631567.267,0,0,0,0,1,0,0,0,0,833.0714286,7.0,1933.5,172,0,0,0,0,0,0,8,56,6,11601,256,229,6,20,1907069.0,0.0,1907069,1907069,6028683.0,0.0,6028683,6028683,Volumetric DDoS
80,10244667,4,0,24,0,6,6,6.0,0.0,0,0,0.0,0.0,2.342682295,0.390447049,3414889.0,5913893.514,10200000,3,10200000,3414889.0,5913893.514,10200000,3,0,0.0,0.0,0,0,0,0,0,0,80,0,0.390447049,0.0,6,6,6.0,0.0,0.0,0,0,0,0,1,0,0,0,0,7.5,6.0,0.0,80,0,0,0,0,0,0,4,24,0,0,256,-1,3,20,1002.0,0.0,1002,1002,10200000.0,0.0,10200000,10200000,Volumetric DDoS
80,2033884,5,0,30,0,6,6,6.0,0.0,0,0,0.0,0.0,14.75010374,2.458350624,508471.0,1016272.109,2032879,1,2033884,508471.0,1016272.109,2032879,1,0,0.0,0.0,0,0,0,0,0,0,100,0,2.458350624,0.0,6,6,6.0,0.0,0.0,0,0,0,0,1,0,0,0,0,7.2,6.0,0.0,100,0,0,0,0,0,0,5,30,0,0,256,-1,4,20,0.0,0.0,0,0,0.0,0.0,0,0,Volumetric DDoS
80,3397368,4,0,24,0,6,6,6.0,0.0,0,0,0.0,0.0,7.064292123,1.17738202,1132456.0,1960882.432,3396688,322,3397368,1132456.0,1960882.432,3396688,322,0,0.0,0.0,0,0,0,0,0,0,80,0,1.17738202,0.0,6,6,6.0,0.0,0.0,0,0,0,0,1,0,0,0,0,7.5,6.0,0.0,80,0,0,0,0,0,0,4,24,0,0,256,-1,3,20,0.0,0.0,0,0,0.0,0.0,0,0,Volumetric DDoS
80,11780785,5,0,30,0,6,6,6.0,0.0,0,0,0.0,0.0,2.546519608,0.424419935,2945196.25,5888847.929,11800000,1,11800000,2945196.25,5888847.929,11800000,1,0,0.0,0.0,0,0,0,0,0,0,100,0,0.424419935,0.0,6,6,6.0,0.0,0.0,0,0,0,0,1,0,0,0,0,7.2,6.0,0.0,100,0,0,0,0,0,0,5,30,0,0,256,-1,4,20,2317.0,0.0,2317,2317,11800000.0,0.0,11800000,11800000,Volumetric DDoS
80,111640,3,6,26,11607,20,0,8.666666667,10.26320288,4380,0,1934.5,2177.344966,104201.0032,80.61626657,13955.0,39065.30908,110635,2,845,422.5,573.4635995,828,17,111515,22303.0,49380.28302,110635,2,0,0,0,0,72,132,26.87208886,53.74417771,0,4380,1163.3,1903.962654,3625073.789,0,0,0,1,0,0,0,0,2,1292.555556,8.666666667,1934.5,72,0,0,0,0,0,0,3,26,6,11607,8192,229,2,20,0.0,0.0,0,0,0.0,0.0,0,0,Volumetric DDoS
80,6254817,4,0,24,0,6,6,6.0,0.0,0,0,0.0,0.0,3.837042714,0.639507119,2084939.0,3610356.019,6253819,3,6254817,2084939.0,3610356.019,6253819,3,0,0.0,0.0,0,0,0,0,0,0,80,0,0.639507119,0.0,6,6,6.0,0.0,0.0,0,0,0,0,1,0,0,0,0,7.5,6.0,0.0,80,0,0,0,0,0,0,4,24,0,0,256,-1,3,20,998.0,0.0,998,998,6253819.0,0.0,6253819,6253819,Volumetric DDoS
80,6759970,4,0,24,0,6,6,6.0,0.0,0,0,0.0,0.0,3.550311614,0.591718602,2253323.333,3902003.639,6758969,3,6759970,2253323.333,3902003.639,6758969,3,0,0.0,0.0,0,0,0,0,0,0,80,0,0.591718602,0.0,6,6,6.0,0.0,0.0,0,0,0,0,1,0,0,0,0,7.5,6.0,0.0,80,0,0,0,0,0,0,4,24,0,0,256,-1,3,20,1001.0,0.0,1001,1001,6758969.0,0.0,6758969,6758969,Volumetric DDoS
80,2070742,5,0,30,0,6,6,6.0,0.0,0,0,0.0,0.0,14.4875605,2.414593416,517685.5,1034560.337,2069526,333,2070742,517685.5,1034560.337,2069526,333,0,0.0,0.0,0,0,0,0,0,0,100,0,2.414593416,0.0,6,6,6.0,0.0,0.0,0,0,0,0,1,0,0,0,0,7.2,6.0,0.0,100,0,0,0,0,0,0,5,30,0,0,256,-1,4,20,0.0,0.0,0,0,0.0,0.0,0,0,Volumetric DDoS
80,80261217,8,4,56,11601,20,0,7.0,5.656854249,8760,0,2900.25,4128.319301,145.2382662,0.149511812,7296474.273,22800000.0,76100000,6,80300000,11500000.0,28500000.0,76100000,6,33642,11214.0,18157.26929,32180,650,0,0,0,0,172,92,0.099674541,0.049837271,0,8760,897.1538462,2488.507044,6192667.308,0,0,0,0,1,0,0,0,0,971.9166667,7.0,2900.25,172,0,0,0,0,0,0,8,56,4,11601,256,229,6,20,4163695.0,0.0,4163695,4163695,76100000.0,0.0,76100000,76100000,Volumetric DDoS
80,8046824,5,0,30,0,6,6,6.0,0.0,0,0,0.0,0.0,3.728178968,0.621363161,2011706.0,4022078.11,8044823,1,8046824,2011706.0,4022078.11,8044823,1,0,0.0,0.0,0,0,0,0,0,0,100,0,0.621363161,0.0,6,6,6.0,0.0,0.0,0,0,0,0,1,0,0,0,0,7.2,6.0,0.0,100,0,0,0,0,0,0,5,30,0,0,256,-1,4,20,2001.0,0.0,2001,2001,8044823.0,0.0,8044823,8044823,Volumetric DDoS
80,11371798,5,0,30,0,6,6,6.0,0.0,0,0,0.0,0.0,2.638105249,0.439684208,2842949.5,5685235.019,11400000,1,11400000,2842949.5,5685235.019,11400000,1,0,0.0,0.0,0,0,0,0,0,0,100,0,0.439684208,0.0,6,6,6.0,0.0,0.0,0,0,0,0,1,0,0,0,0,7.2,6.0,0.0,100,0,0,0,0,0,0,5,30,0,0,256,-1,4,20,996.0,0.0,996,996,11400000.0,0.0,11400000,11400000,Volumetric DDoS
80,81810531,8,6,56,11607,20,0,7.0,5.656854249,4380,0,1934.5,2177.344966,142.5611087,0.171127113,6293117.769,20100000.0,72900000,1,81700000,11700000.0,27200000.0,72900000,1,116892,23378.4,51728.6671,115911,3,0,0,0,0,172,132,0.097786922,0.073340191,0,4380,777.9333333,1627.46176,2648631.781,0,0,0,0,1,0,0,0,0,833.5,7.0,1934.5,172,0,0,0,0,0,0,8,56,6,11607,256,229,6,20,1004.0,0.0,1004,1004,40800000.0,45300000.0,72900000,8840768,Volumetric DDoS
80,100052,3,5,26,11601,20,0,8.666666667,10.26320288,5840,0,2320.2,2436.833027,116209.571,79.95842162,14293.14286,30693.93734,82448,1,17029,8514.5,12039.90716,17028,1,99903,24975.75,39123.06851,82448,64,0,0,0,0,72,112,29.98440811,49.97401351,0,5840,1291.888889,2110.95076,4456113.111,0,0,0,1,0,0,0,0,1,1453.375,8.666666667,2320.2,72,0,0,0,0,0,0,3,26,5,11601,8192,229,2,20,0.0,0.0,0,0,0.0,0.0,0,0,Volumetric DDoS
80,94177003,8,6,56,11601,20,0,7.0,5.656854249,4380,0,1933.5,1998.0254,123.7775638,0.148656249,7244384.846,24600000.0,88900000,1,94100000,13400000.0,33300000.0,88900000,1,60590,12118.0,18419.23244,42023,88,0,0,0,0,172,132,0.084946428,0.063709821,0,4380,777.5333333,1542.802222,2380238.695,0,0,0,0,1,0,0,0,0,833.0714286,7.0,1933.5,172,0,0,0,0,0,0,8,56,6,11601,256,229,6,20,3.0,0.0,3,3,47100000.0,59100000.0,88900000,5264947,Volumetric DDoS
80,8086787,5,0,30,0,6,6,6.0,0.0,0,0,0.0,0.0,3.709755185,0.618292531,2021696.75,4042734.193,8085798,4,8086787,2021696.75,4042734.193,8085798,4,0,0.0,0.0,0,0,0,0,0,0,100,0,0.618292531,0.0,6,6,6.0,0.0,0.0,0,0,0,0,1,0,0,0,0,7.2,6.0,0.0,100,0,0,0,0,0,0,5,30,0,0,256,-1,4,20,989.0,0.0,989,989,8085798.0,0.0,8085798,8085798,Volumetric DDoS
80,8133532,4,0,24,0,6,6,6.0,0.0,0,0,0.0,0.0,2.950747596,0.491791266,2711177.333,4695160.769,8132682,358,8133532,2711177.333,4695160.769,8132682,358,0,0.0,0.0,0,0,0,0,0,0,80,0,0.491791266,0.0,6,6,6.0,0.0,0.0,0,0,0,0,1,0,0,0,0,7.5,6.0,0.0,80,0,0,0,0,0,0,4,24,0,0,256,-1,3,20,850.0,0.0,850,850,8132682.0,0.0,8132682,8132682,Volumetric DDoS
80,932321,2,7,20,11601,20,0,10.0,14.14213562,4380,0,1657.285714,1561.969346,12464.59106,9.653327556,116540.125,327717.4045,927593,14,4016,4016.0,0.0,4016,4016,932144,155357.3333,378319.9845,927593,14,0,0,0,0,52,152,2.145183901,7.508143654,0,4380,1162.1,1504.079523,2262255.211,0,0,0,1,0,0,0,0,3,1291.222222,10.0,1657.285714,52,0,0,0,0,0,0,2,20,7,11601,8192,229,1,20,0.0,0.0,0,0,0.0,0.0,0,0,Volumetric DDoS
80,80587386,8,6,56,11607,20,0,7.0,5.656854249,5840,0,1934.5,2538.919278,144.7248829,0.173724459,6199029.692,19400000.0,70000000,3,80100000,11400000.0,26100000.0,70000000,3,471077,94215.4,210054.7875,469972,3,0,0,0,0,172,132,0.099271119,0.074453339,0,5840,777.9333333,1804.898987,3257660.352,0,0,0,0,1,0,0,0,0,833.5,7.0,1934.5,172,0,0,0,0,0,0,8,56,6,11607,256,229,6,20,2018.0,0.0,2018,2018,40100000.0,42300000.0,70000000,10100000,Volumetric DDoS
80,517067,2,5,20,11601,20,0,10.0,14.14213562,8760,0,2320.2,3668.897,22474.84369,13.53789741,86177.83333,205426.1323,505406,61,11191,11191.0,0.0,11191,11191,517006,129251.5,250823.157,505406,191,0,0,0,0,52,112,3.867970689,9.669926721,0,8760,1452.625,3020.863308,9125615.125,0,0,0,1,0,0,0,0,2,1660.142857,10.0,2320.2,52,0,0,0,0,0,0,2,20,5,11601,8192,229,1,20,0.0,0.0,0,0,0.0,0.0,0,0,Volumetric DDoS
80,73711431,8,5,56,11601,20,0,7.0,5.656854249,5840,0,2320.2,2436.833027,158.1437213,0.176363419,6142619.25,18500000.0,64600000,7,72700000,10400000.0,24100000.0,64600000,158,1078860,269715.0,522692.7279,1053556,62,0,0,0,0,172,112,0.108531335,0.067832084,0,5840,833.0714286,1774.906302,3150292.379,0,0,0,0,1,0,0,0,0,897.1538462,7.0,2320.2,172,0,0,0,0,0,0,8,56,5,11601,256,229,6,20,676.0,0.0,676,676,36300000.0,40000000.0,64600000,8057764,Volumetric DDoS
80,2150988,5,0,30,0,6,6,6.0,0.0,0,0,0.0,0.0,13.9470792,2.3245132,537747.0,1074446.8,2149417,3,2150988,537747.0,1074446.8,2149417,3,0,0.0,0.0,0,0,0,0,0,0,100,0,2.3245132,0.0,6,6,6.0,0.0,0.0,0,0,0,0,1,0,0,0,0,7.2,6.0,0.0,100,0,0,0,0,0,0,5,30,0,0,256,-1,4,20,0.0,0.0,0,0,0.0,0.0,0,0,Volumetric DDoS
80,71730466,8,6,56,11607,20,0,7.0,5.656854249,5840,0,1934.5,2538.919278,162.5947892,0.195175088,5517728.154,19000000.0,68600000,1,71600000,10200000.0,25800000.0,68600000,1,131357,26271.4,58153.39472,130298,47,0,0,0,0,172,132,0.111528622,0.083646466,0,5840,777.9333333,1804.898987,3257660.352,0,0,0,0,1,0,0,0,0,833.5,7.0,1934.5,172,0,0,0,0,0,0,8,56,6,11607,256,229,6,20,2951986.0,0.0,2951986,2951986,68600000.0,0.0,68600000,68600000,Volumetric DDoS
80,81875086,8,5,56,11607,20,0,7.0,5.656854249,7215,0,2321.4,3327.769794,142.4487053,0.158778459,6822923.833,20800000.0,72300000,4,80400000,11500000.0,27000000.0,72300000,95,1513292,378323.0,755914.7817,1512195,4,0,0,0,0,172,112,0.097709821,0.061068638,0,7215,833.5,2175.302587,4731941.346,0,0,0,0,1,0,0,0,0,897.6153846,7.0,2321.4,172,0,0,0,0,0,0,8,56,5,11607,256,229,6,20,806.0,0.0,806,806,40200000.0,45500000.0,72300000,8038320,Volumetric DDoS
80,91346867,8,5,56,11607,20,0,7.0,5.656854249,10135,0,2321.4,4413.201989,127.6781611,0.142314678,7612238.917,25000000.0,86900000,1,89600000,12800000.0,32700000.0,86900000,1,1704140,426035.0,851159.4964,1702774,14,0,0,0,0,172,112,0.087578264,0.054736415,0,10135,833.5,2705.044255,7317264.423,0,0,0,0,1,0,0,0,0,897.6153846,7.0,2321.4,172,0,0,0,0,0,0,8,56,5,11607,256,229,6,20,2744940.0,0.0,2744940,2744940,86900000.0,0.0,86900000,86900000,Volumetric DDoS
80,7935776,4,0,24,0,6,6,6.0,0.0,0,0,0.0,0.0,3.024278911,0.504046485,2645258.667,4577395.998,7930780,983,7935776,2645258.667,4577395.998,7930780,983,0,0.0,0.0,0,0,0,0,0,0,80,0,0.504046485,0.0,6,6,6.0,0.0,0.0,0,0,0,0,1,0,0,0,0,7.5,6.0,0.0,80,0,0,0,0,0,0,4,24,0,0,256,-1,3,20,4996.0,0.0,4996,4996,7930780.0,0.0,7930780,7930780,Volumetric DDoS
80,758773,3,4,26,11601,20,0,8.666666667,10.26320288,7215,0,2900.25,3540.00286,15323.42347,9.225420514,126462.1667,307713.4692,754573,54,3941,1970.5,2481.237695,3725,216,758719,252906.3333,434460.298,754573,158,0,0,0,0,72,92,3.953751649,5.271668865,0,7215,1453.375,2786.259804,7763243.696,0,0,0,1,0,0,0,0,1,1661.0,8.666666667,2900.25,72,0,0,0,0,0,0,3,26,4,11601,8192,229,2,20,0.0,0.0,0,0,0.0,0.0,0,0,Volumetric DDoS
80,26101,3,7,26,11601,20,0,8.666666667,10.26320288,4380,0,1657.285714,1561.969346,445461.8597,383.1270833,2900.111111,7347.61821,22332,17,3261,1630.5,2011.718792,3053,208,26005,4334.166667,8904.47594,22332,17,0,0,0,0,72,152,114.938125,268.1889583,0,4380,1057.0,1468.855269,2157535.8,0,0,0,1,0,0,0,0,2,1162.7,8.666666667,1657.285714,72,0,0,0,0,0,0,3,26,7,11601,8192,229,2,20,0.0,0.0,0,0,0.0,0.0,0,0,Volumetric DDoS
80,6915872,6,0,36,0,6,6,6.0,0.0,0,0,0.0,0.0,5.205417336,0.867569556,1383174.4,3091701.991,6913779,1,6915872,1383174.4,3091701.991,6913779,1,0,0.0,0.0,0,0,0,0,0,0,120,0,0.867569556,0.0,6,6,6.0,0.0,0.0,0,0,0,0,1,0,0,0,0,7.0,6.0,0.0,120,0,0,0,0,0,0,6,36,0,0,256,-1,5,20,2093.0,0.0,2093,2093,6913779.0,0.0,6913779,6913779,Volumetric DDoS
80,748411,3,4,26,11607,20,0,8.666666667,10.26320288,11595,0,2901.75,5795.50069,15543.59837,9.353149539,124735.1667,305271.5292,747868,6,492,246.0,278.6000718,443,49,748356,249452.0,431640.9833,747868,6,0,0,0,0,72,92,4.00849266,5.34465688,0,11595,1454.125,4097.537534,16800000.0,0,0,0,1,0,0,0,0,1,1661.857143,8.666666667,2901.75,72,0,0,0,0,0,0,3,26,4,11607,8192,229,2,20,0.0,0.0,0,0,0.0,0.0,0,0,Volumetric DDoS
80,71690408,9,6,62,11607,20,0,6.888888889,5.30199124,4380,0,1934.5,2177.344966,162.7693345,0.209233012,5120743.429,16900000.0,63300000,3,70200000,8775719.875,22200000.0,63300000,3,1485393,297078.6,663793.3035,1484508,3,0,0,0,0,192,132,0.125539807,0.083693205,0,4380,729.6875,1584.07667,2509298.896,0,0,0,0,1,0,0,0,0,778.3333333,6.888888889,1934.5,192,0,0,0,0,0,0,9,62,6,11607,256,229,7,20,1792.0,0.0,1792,1792,35100000.0,39900000.0,63300000,6870819,Volumetric DDoS
80,71061537,8,5,56,11607,20,0,7.0,5.656854249,7215,0,2321.4,3327.769794,164.1253552,0.182940034,5921794.75,19400000.0,67600000,4,70500000,10100000.0,25400000.0,67600000,185,594264,148566.0,296409.606,593180,4,0,0,0,0,172,112,0.112578483,0.070361552,0,7215,833.5,2175.302587,4731941.346,0,0,0,0,1,0,0,0,0,897.6153846,7.0,2321.4,172,0,0,0,0,0,0,8,56,5,11607,256,229,6,20,2905045.0,0.0,2905045,2905045,67600000.0,0.0,67600000,67600000,Volumetric DDoS
80,10571022,5,0,30,0,6,6,6.0,0.0,0,0,0.0,0.0,2.837946984,0.472991164,2642755.5,5284846.353,10600000,7,10600000,2642755.5,5284846.353,10600000,7,0,0.0,0.0,0,0,0,0,0,0,100,0,0.472991164,0.0,6,6,6.0,0.0,0.0,0,0,0,0,1,0,0,0,0,7.2,6.0,0.0,100,0,0,0,0,0,0,5,30,0,0,256,-1,4,20,997.0,0.0,997,997,10600000.0,0.0,10600000,10600000,Volumetric DDoS
80,8761858,4,0,24,0,6,6,6.0,0.0,0,0,0.0,0.0,2.739145053,0.456524176,2920619.333,5057721.466,8760773,1,8761858,2920619.333,5057721.466,8760773,1,0,0.0,0.0,0,0,0,0,0,0,80,0,0.456524176,0.0,6,6,6.0,0.0,0.0,0,0,0,0,1,0,0,0,0,7.5,6.0,0.0,80,0,0,0,0,0,0,4,24,0,0,256,-1,3,20,1085.0,0.0,1085,1085,8760773.0,0.0,8760773,8760773,Volumetric DDoS
80,10407781,5,0,30,0,6,6,6.0,0.0,0,0,0.0,0.0,2.882458807,0.480409801,2601945.25,5203222.521,10400000,1,10400000,2601945.25,5203222.521,10400000,1,0,0.0,0.0,0,0,0,0,0,0,100,0,0.480409801,0.0,6,6,6.0,0.0,0.0,0,0,0,0,1,0,0,0,0,7.2,6.0,0.0,100,0,0,0,0,0,0,5,30,0,0,256,-1,4,20,1002.0,0.0,1002,1002,10400000.0,0.0,10400000,10400000,Volumetric DDoS
80,1763478,3,4,26,11601,20,0,8.666666667,10.26320288,8760,0,2900.25,4128.319301,6593.220896,3.969428595,293913.0,718277.567,1760089,6,3028,1514.0,2132.634052,3022,6,1763468,587822.6667,1015213.557,1760089,173,0,0,0,0,72,92,1.701183684,2.268244911,0,8760,1453.375,3113.952607,9696700.839,0,0,0,1,0,0,0,0,1,1661.0,8.666666667,2900.25,72,0,0,0,0,0,0,3,26,4,11601,8192,229,2,20,0.0,0.0,0,0,0.0,0.0,0,0,Volumetric DDoS
80,635767,3,7,26,11601,20,0,8.666666667,10.26320288,4380,0,1657.285714,1561.969346,18288.14644,15.72903281,70640.77778,206465.2372,621087,48,13997,6998.5,9471.695334,13696,301,635669,105944.8333,252427.395,621087,48,0,0,0,0,72,152,4.718709842,11.01032296,0,4380,1057.0,1468.855269,2157535.8,0,0,0,1,0,0,0,0,2,1162.7,8.666666667,1657.285714,72,0,0,0,0,0,0,3,26,7,11601,8192,229,2,20,0.0,0.0,0,0,0.0,0.0,0,0,Volumetric DDoS
80,100469624,8,5,56,11607,20,0,7.0,5.656854249,8760,0,2321.4,3802.315321,116.0848377,0.129392343,8372468.667,26100000.0,90900000,1,100000000,14300000.0,33900000.0,90900000,1,73703,18425.75,36206.35842,72733,2,0,0,0,0,172,112,0.079626057,0.049766286,0,8760,833.5,2402.71381,5773033.654,0,0,0,0,1,0,0,0,0,897.6153846,7.0,2321.4,172,0,0,0,0,0,0,8,56,5,11607,256,229,6,20,3003.0,0.0,3003,3003,50200000.0,57600000.0,90900000,9499752,Volumetric DDoS
80,6459320,4,0,24,0,6,6,6.0,0.0,0,0,0.0,0.0,3.71556139,0.619260232,2153106.667,3728692.583,6458630,316,6459320,2153106.667,3728692.583,6458630,316,0,0.0,0.0,0,0,0,0,0,0,80,0,0.619260232,0.0,6,6,6.0,0.0,0.0,0,0,0,0,1,0,0,0,0,7.5,6.0,0.0,80,0,0,0,0,0,0,4,24,0,0,256,-1,3,20,690.0,0.0,690,690,6458630.0,0.0,6458630,6458630,Volumetric DDoS
80,71148319,9,6,62,11601,20,0,6.888888889,5.30199124,4380,0,1933.5,1757.789948,163.925166,0.210827188,5082022.786,16600000.0,62400000,2,70400000,8799568.625,21800000.0,62400000,2,785313,157062.6,332578.2324,751429,16,0,0,0,0,192,132,0.126496313,0.084330875,0,4380,729.3125,1399.285566,1958000.096,0,0,0,0,1,0,0,0,0,777.9333333,6.888888889,1933.5,192,0,0,0,0,0,0,9,62,6,11601,256,229,7,20,2000.0,0.0,2000,2000,35200000.0,38400000.0,62400000,8002807,Volumetric DDoS
